,Station_Ind,Crossing_Ind,Time_In_Seconds
0,0,0,1357
1,0,1,1268
2,0,2,1152
3,0,3,835
4,0,4,546
5,1,0,1845
6,1,1,1669
7,1,2,1039
8,1,3,1508
9,1,4,1044
10,2,0,1492
11,2,1,1396
12,2,2,1118
13,2,3,1092
14,2,4,846
15,3,0,2292
16,3,1,2117
17,3,2,552
18,3,3,1786
19,3,4,1322
20,4,0,2178
21,4,1,2164
22,4,2,527
23,4,3,1814
24,4,4,1350
25,0,0,703
26,0,1,862
27,0,2,584
28,0,3,1170
29,0,4,926
30,1,0,1113
31,1,1,1121
32,1,2,1257
33,1,3,1039
34,1,4,1184
35,2,0,838
36,2,1,847
37,2,2,840
38,2,3,765
39,2,4,911
40,3,0,1561
41,3,1,1568
42,3,2,1534
43,3,3,1486
44,3,4,1632
45,4,0,1608
46,4,1,1615
47,4,2,1563
48,4,3,1533
49,4,4,1679
50,0,0,712
51,0,1,960
52,0,2,858
53,0,3,1170
54,0,4,1200
55,1,0,1222
56,1,1,798
57,1,2,718
58,1,3,1056
59,1,4,1087
60,2,0,1139
61,2,1,925
62,2,2,820
63,2,3,1136
64,2,4,1166
65,3,0,1315
66,3,1,743
67,3,2,718
68,3,3,622
69,3,4,600
70,4,0,1493
71,4,1,633
72,4,2,737
73,4,3,674
74,4,4,533
75,0,0,1187
76,0,1,1076
77,0,2,1056
78,0,3,950
79,0,4,785
80,1,0,1073
81,1,1,1011
82,1,2,896
83,1,3,807
84,1,4,667
85,2,0,1152
86,2,1,1042
87,2,2,1022
88,2,3,914
89,2,4,746
90,3,0,586
91,3,1,532
92,3,2,571
93,3,3,679
94,3,4,760
95,4,0,492
96,4,1,519
97,4,2,542
98,4,3,597
99,4,4,817
100,0,0,751
101,0,1,727
102,0,2,816
103,0,3,759
104,0,4,981
105,1,0,1424
106,1,1,1135
107,1,2,1489
108,1,3,1441
109,1,4,1151
110,2,0,1008
111,2,1,862
112,2,2,1073
113,2,3,1016
114,2,4,878
115,3,0,1702
116,3,1,1582
117,3,2,1766
118,3,3,1710
119,3,4,1599
120,4,0,1730
121,4,1,1629
122,4,2,1795
123,4,3,1739
124,4,4,1646
125,0,0,1200
126,0,1,1315
127,0,2,1295
128,0,3,777
129,0,4,799
130,1,0,1195
131,1,1,1309
132,1,2,1289
133,1,3,1417
134,1,4,1200
135,2,0,921
136,2,1,1035
137,2,2,1016
138,2,3,1033
139,2,4,927
140,3,0,1642
141,3,1,1756
142,3,2,1737
143,3,3,1727
144,3,4,1648
145,4,0,1579
146,4,1,1616
147,4,2,1479
148,4,3,1756
149,4,4,1695
150,0,0,436
151,0,1,487
152,0,2,906
153,0,3,1527
154,0,4,1129
155,1,0,1025
156,1,1,1076
157,1,2,1433
158,1,3,2054
159,1,4,1016
160,2,0,875
161,2,1,926
162,2,2,1333
163,2,3,1954
164,2,4,1095
165,3,0,1303
166,3,1,1354
167,3,2,1526
168,3,3,2111
169,3,4,542
170,4,0,1331
171,4,1,1382
172,4,2,1704
173,4,3,2325
174,4,4,460
175,0,0,623
176,0,1,612
177,0,2,663
178,0,3,743
179,0,4,828
180,1,0,1176
181,1,1,1139
182,1,2,1190
183,1,3,1270
184,1,4,1355
185,2,0,1050
186,2,1,1039
187,2,2,1090
188,2,3,1170
189,2,4,1255
190,3,0,1269
191,3,1,1232
192,3,2,1283
193,3,3,1362
194,3,4,1448
195,4,0,1447
196,4,1,1410
197,4,2,1461
198,4,3,1541
199,4,4,1626
200,0,0,924
201,0,1,1486
202,0,2,725
203,0,3,796
204,0,4,891
205,1,0,1450
206,1,1,2159
207,1,2,1287
208,1,3,1351
209,1,4,1576
210,2,0,1351
211,2,1,1742
212,2,2,909
213,2,3,1078
214,2,4,1147
215,3,0,1543
216,3,1,2437
217,3,2,1586
218,3,3,1629
219,3,4,1814
220,4,0,1722
221,4,1,2465
222,4,2,1615
223,4,3,1658
224,4,4,1870
225,0,0,941
226,0,1,843
227,0,2,1002
228,0,3,1216
229,0,4,1258
230,1,0,1599
231,1,1,1529
232,1,2,1674
233,1,3,1889
234,1,4,1931
235,2,0,1197
236,2,1,1100
237,2,2,1258
238,2,3,1473
239,2,4,1515
240,3,0,1891
241,3,1,1794
242,3,2,1952
243,3,3,2167
244,3,4,2209
245,4,0,1920
246,4,1,1822
247,4,2,1981
248,4,3,2195
249,4,4,2237
250,0,0,1340
251,0,1,1433
252,0,2,1603
253,0,3,1670
254,0,4,1590
255,1,0,2013
256,1,1,2106
257,1,2,2276
258,1,3,2343
259,1,4,2263
260,2,0,1597
261,2,1,1690
262,2,2,1859
263,2,3,1926
264,2,4,1847
265,3,0,2291
266,3,1,2384
267,3,2,2553
268,3,3,2620
269,3,4,2541
270,4,0,2320
271,4,1,2413
272,4,2,2582
273,4,3,2649
274,4,4,2570
275,0,0,916
276,1,0,1325
277,2,0,1052
278,3,0,1773
279,4,0,1820
280,0,0,1562
281,0,1,1473
282,0,2,841
283,0,3,1040
284,0,4,576
285,1,0,1074
286,1,1,985
287,1,2,1381
288,1,3,787
289,1,4,515
290,2,0,1380
291,2,1,1214
292,2,2,1118
293,2,3,738
294,2,4,469
295,3,0,1483
296,3,1,1394
297,3,2,1133
298,3,3,952
299,3,4,396
300,4,0,1413
301,4,1,1595
302,4,2,1128
303,4,3,1497
304,4,4,1252
305,0,0,907
306,0,1,1066
307,0,2,788
308,0,3,1035
309,0,4,1130
310,1,0,420
311,1,1,579
312,1,2,510
313,1,3,886
314,1,4,642
315,2,0,650
316,2,1,809
317,2,2,461
318,2,3,1033
319,2,4,873
320,3,0,829
321,3,1,988
322,3,2,710
323,3,3,1296
324,3,4,1052
325,4,0,1140
326,4,1,1147
327,4,2,1245
328,4,3,956
329,4,4,1211
330,0,0,825
331,0,1,649
332,0,2,547
333,0,3,858
334,0,4,889
335,1,0,750
336,1,1,1195
337,1,2,1093
338,1,3,1398
339,1,4,1428
340,2,0,677
341,2,1,926
342,2,2,824
343,2,3,1136
344,2,4,1166
345,3,0,657
346,3,1,931
347,3,2,867
348,3,3,1151
349,3,4,1181
350,4,0,1544
351,4,1,1247
352,4,2,1100
353,4,3,987
354,4,4,1073
355,0,0,875
356,0,1,765
357,0,2,744
358,0,3,638
359,0,4,474
360,1,0,1415
361,1,1,1305
362,1,2,1284
363,1,3,1184
364,1,4,1019
365,2,0,1153
366,2,1,1042
367,2,2,1021
368,2,3,916
369,2,4,751
370,3,0,1167
371,3,1,1057
372,3,2,1036
373,3,3,929
374,3,4,851
375,4,0,1140
376,4,1,1213
377,4,2,1341
378,4,3,1264
379,4,4,1115
380,0,0,955
381,0,1,932
382,0,2,1021
383,0,3,964
384,0,4,1148
385,1,0,667
386,1,1,444
387,1,2,732
388,1,3,675
389,1,4,697
390,2,0,664
391,2,1,674
392,2,2,729
393,2,3,672
394,2,4,928
395,3,0,877
396,3,1,853
397,3,2,942
398,3,3,885
399,3,4,1107
400,4,0,1413
401,4,1,1162
402,4,2,1478
403,4,3,1421
404,4,4,1152
405,0,0,1191
406,0,1,1305
407,0,2,1286
408,0,3,981
409,0,4,1004
410,1,0,917
411,1,1,1031
412,1,2,1012
413,1,3,693
414,1,4,516
415,2,0,1148
416,2,1,1262
417,2,2,1243
418,2,3,690
419,2,4,747
420,3,0,1326
421,3,1,1441
422,3,2,1421
423,3,3,903
424,3,4,925
425,4,0,814
426,4,1,851
427,4,2,714
428,4,3,1444
429,4,4,1227
430,0,0,557
431,0,1,608
432,0,2,1027
433,0,3,1648
434,0,4,817
435,1,0,487
436,1,1,537
437,1,2,944
438,1,3,1565
439,1,4,1357
440,2,0,402
441,2,1,453
442,2,2,872
443,2,3,1493
444,2,4,1095
445,3,0,431
446,3,1,481
447,3,2,851
448,3,3,1472
449,3,4,1110
450,4,0,1281
451,4,1,1331
452,4,2,1738
453,4,3,2359
454,4,4,1215
455,0,0,758
456,0,1,733
457,0,2,784
458,0,3,864
459,0,4,949
460,1,0,661
461,1,1,651
462,1,2,701
463,1,3,781
464,1,4,866
465,2,0,589
466,2,1,578
467,2,2,629
468,2,3,709
469,2,4,794
470,3,0,465
471,3,1,558
472,3,2,608
473,3,3,688
474,3,4,773
475,4,0,1455
476,4,1,1445
477,4,2,1495
478,4,3,1575
479,4,4,1660
480,0,0,1044
481,0,1,1691
482,0,2,840
483,0,3,883
484,0,4,1095
485,1,0,962
486,1,1,1402
487,1,2,542
488,1,3,712
489,1,4,807
490,2,0,890
491,2,1,1398
492,2,2,493
493,2,3,663
494,2,4,803
495,3,0,869
496,3,1,1612
497,3,2,680
498,3,3,737
499,3,4,1017
500,4,0,1756
501,4,1,1915
502,4,2,1314
503,4,3,1483
504,4,4,1552
505,0,0,1146
506,0,1,1048
507,0,2,1206
508,0,3,1421
509,0,4,1462
510,1,0,857
511,1,1,759
512,1,2,918
513,1,3,1132
514,1,4,1174
515,2,0,853
516,2,1,756
517,2,2,914
518,2,3,1129
519,2,4,1171
520,3,0,1067
521,3,1,969
522,3,2,1128
523,3,3,1342
524,3,4,1384
525,4,0,1603
526,4,1,1505
527,4,2,1664
528,4,3,1878
529,4,4,1847
530,0,0,1545
531,0,1,1637
532,0,2,1807
533,0,3,1874
534,0,4,1795
535,1,0,1256
536,1,1,1349
537,1,2,1519
538,1,3,1586
539,1,4,1506
540,2,0,1253
541,2,1,1346
542,2,2,1516
543,2,3,1583
544,2,4,1503
545,3,0,1466
546,3,1,1559
547,3,2,1729
548,3,3,1796
549,3,4,1716
550,4,0,1752
551,4,1,1777
552,4,2,1974
553,4,3,2099
554,4,4,2049
555,0,0,1121
556,1,0,633
557,2,0,864
558,3,0,1042
559,4,0,1326
560,0,0,1589
561,0,1,1500
562,0,2,830
563,0,3,1066
564,0,4,602
565,1,0,1566
566,1,1,1477
567,1,2,1107
568,1,3,1044
569,1,4,581
570,2,0,2036
571,2,1,1860
572,2,2,766
573,2,3,1504
574,2,4,1065
575,3,0,1713
576,3,1,1625
577,3,2,1083
578,3,3,1192
579,3,4,728
580,4,0,1593
581,4,1,1505
582,4,2,987
583,4,3,1071
584,4,4,609
585,0,0,934
586,0,1,1106
587,0,2,814
588,0,3,1024
589,0,4,1170
590,1,0,911
591,1,1,1070
592,1,2,792
593,1,3,1378
594,1,4,1134
595,2,0,1304
596,2,1,1311
597,2,2,1252
598,2,3,1230
599,2,4,1375
600,3,0,1060
601,3,1,1219
602,3,2,940
603,3,3,1297
604,3,4,1282
605,4,0,939
606,4,1,1098
607,4,2,820
608,4,3,1347
609,4,4,1162
610,0,0,852
611,0,1,632
612,0,2,508
613,0,3,847
614,0,4,878
615,1,0,671
616,1,1,905
617,1,2,841
618,1,3,1124
619,1,4,1155
620,2,0,985
621,2,1,504
622,2,2,474
623,2,3,690
624,2,4,806
625,3,0,860
626,3,1,826
627,3,2,701
628,3,3,1100
629,3,4,1130
630,4,0,656
631,4,1,785
632,4,2,721
633,4,3,1004
634,4,4,1034
635,0,0,864
636,0,1,754
637,0,2,838
638,0,3,726
639,0,4,434
640,1,0,1141
641,1,1,1031
642,1,2,1010
643,1,3,902
644,1,4,825
645,2,0,715
646,2,1,535
647,2,2,526
648,2,3,473
649,2,4,501
650,3,0,1117
651,3,1,1007
652,3,2,1032
653,3,3,920
654,3,4,628
655,4,0,1021
656,4,1,911
657,4,2,890
658,4,3,782
659,4,4,705
660,0,0,983
661,0,1,959
662,0,2,1047
663,0,3,991
664,0,4,1137
665,1,0,959
666,1,1,936
667,1,2,1024
668,1,3,968
669,1,4,1189
670,2,0,1420
671,2,1,1326
672,2,2,1485
673,2,3,1429
674,2,4,1342
675,3,0,1107
676,3,1,1083
677,3,2,1172
678,3,3,1116
679,3,4,1337
680,4,0,988
681,4,1,963
682,4,2,1053
683,4,3,996
684,4,4,1217
685,0,0,1180
686,0,1,1294
687,0,2,1275
688,0,3,1008
689,0,4,1030
690,1,0,1409
691,1,1,1523
692,1,2,1503
693,1,3,986
694,1,4,1008
695,2,0,1385
696,2,1,1499
697,2,2,1480
698,2,3,1446
699,2,4,1391
700,3,0,1452
701,3,1,1567
702,3,2,1547
703,3,3,1134
704,3,4,1156
705,4,0,1436
706,4,1,1551
707,4,2,1532
708,4,3,1013
709,4,4,1036
710,0,0,584
711,0,1,634
712,0,2,1054
713,0,3,1674
714,0,4,806
715,1,0,563
716,1,1,613
717,1,2,882
718,1,3,1503
719,1,4,1083
720,2,0,1046
721,2,1,1097
722,2,2,1196
723,2,3,1817
724,2,4,637
725,3,0,709
726,3,1,760
727,3,2,1070
728,3,3,1691
729,3,4,1059
730,4,0,590
731,4,1,641
732,4,2,866
733,4,3,1487
734,4,4,963
735,0,0,785
736,0,1,760
737,0,2,810
738,0,3,890
739,0,4,976
740,1,0,615
741,1,1,588
742,1,2,639
743,1,3,719
744,1,4,804
745,2,0,939
746,2,1,902
747,2,2,953
748,2,3,1033
749,2,4,1118
750,3,0,852
751,3,1,777
752,3,2,828
753,3,3,907
754,3,4,992
755,4,0,551
756,4,1,573
757,4,2,624
758,4,3,703
759,4,4,788
760,0,0,1071
761,0,1,1717
762,0,2,867
763,0,3,910
764,0,4,1122
765,1,0,900
766,1,1,1695
767,1,2,879
768,1,3,889
769,1,4,1099
770,2,0,1214
771,2,1,2154
772,2,2,1340
773,2,3,1372
774,2,4,1484
775,3,0,1088
776,3,1,1843
777,3,2,992
778,3,3,1035
779,3,4,1247
780,4,0,884
781,4,1,1722
782,4,2,907
783,4,3,917
784,4,4,1127
785,0,0,1172
786,0,1,1074
787,0,2,1233
788,0,3,1447
789,0,4,1490
790,1,0,1149
791,1,1,1052
792,1,2,1210
793,1,3,1425
794,1,4,1467
795,2,0,1621
796,2,1,1529
797,2,2,1670
798,2,3,1885
799,2,4,1927
800,3,0,1298
801,3,1,1200
802,3,2,1358
803,3,3,1573
804,3,4,1615
805,4,0,1177
806,4,1,1079
807,4,2,1238
808,4,3,1452
809,4,4,1494
810,0,0,1571
811,0,1,1665
812,0,2,1834
813,0,3,1902
814,0,4,1822
815,1,0,1549
816,1,1,1642
817,1,2,1811
818,1,3,1878
819,1,4,1799
820,2,0,2009
821,2,1,2102
822,2,2,2272
823,2,3,2339
824,2,4,2259
825,3,0,1697
826,3,1,1789
827,3,2,1959
828,3,3,2026
829,3,4,1947
830,4,0,1576
831,4,1,1670
832,4,2,1840
833,4,3,1907
834,4,4,1827
835,0,0,1148
836,1,0,1124
837,2,0,1516
838,3,0,1273
839,4,0,1153
840,0,0,1304
841,0,1,1215
842,0,2,1130
843,0,3,904
844,0,4,658
845,1,0,1525
846,1,1,1401
847,1,2,1243
848,1,3,525
849,1,4,89
850,2,0,885
851,2,1,709
852,2,2,1477
853,2,3,385
854,2,4,625
855,3,0,1441
856,3,1,1276
857,3,2,1266
858,3,3,790
859,3,4,411
860,4,0,1428
861,4,1,1252
862,4,2,1566
863,4,3,306
864,4,4,434
865,0,0,649
866,0,1,808
867,0,2,652
868,0,3,777
869,0,4,872
870,1,0,859
871,1,1,1018
872,1,2,366
873,1,3,1326
874,1,4,1082
875,2,0,725
876,2,1,807
877,2,2,414
878,2,3,1060
879,2,4,774
880,3,0,704
881,3,1,862
882,3,2,558
883,3,3,1170
884,3,4,926
885,4,0,992
886,4,1,1151
887,4,2,433
888,4,3,1459
889,4,4,1215
890,0,0,950
891,0,1,937
892,0,2,831
893,0,3,1147
894,0,4,1178
895,1,0,657
896,1,1,1051
897,1,2,949
898,1,3,1261
899,1,4,1291
900,2,0,904
901,2,1,1285
902,2,2,1183
903,2,3,1494
904,2,4,1524
905,3,0,513
906,3,1,1074
907,3,2,972
908,3,3,1283
909,3,4,1314
910,4,0,955
911,4,1,1374
912,4,2,1272
913,4,3,1583
914,4,4,1614
915,0,0,1164
916,0,1,1054
917,0,2,1033
918,0,3,926
919,0,4,758
920,1,0,1277
921,1,1,1167
922,1,2,1146
923,1,3,1040
924,1,4,876
925,2,0,1511
926,2,1,1401
927,2,2,1380
928,2,3,1274
929,2,4,1109
930,3,0,1300
931,3,1,1190
932,3,2,1169
933,3,3,1063
934,3,4,899
935,4,0,1600
936,4,1,1490
937,4,2,1469
938,4,3,1363
939,4,4,1199
940,0,0,819
941,0,1,674
942,0,2,884
943,0,3,828
944,0,4,889
945,1,0,809
946,1,1,884
947,1,2,907
948,1,3,817
949,1,4,1137
950,2,0,270
951,2,1,537
952,2,2,335
953,2,3,175
954,2,4,871
955,3,0,725
956,3,1,728
957,3,2,790
958,3,3,734
959,3,4,981
960,4,0,605
961,4,1,1016
962,4,2,624
963,4,3,742
964,4,4,1270
965,0,0,933
966,0,1,1047
967,0,2,1027
968,0,3,845
969,0,4,746
970,1,0,1357
971,1,1,1471
972,1,2,1452
973,1,3,876
974,1,4,956
975,2,0,1091
976,2,1,1205
977,2,2,1186
978,2,3,184
979,2,4,503
980,3,0,1201
981,3,1,1315
982,3,2,1296
983,3,3,751
984,3,4,800
985,4,0,1490
986,4,1,1604
987,4,2,1585
988,4,3,728
989,4,4,997
990,0,0,687
991,0,1,738
992,0,2,1145
993,0,3,1766
994,0,4,1107
995,1,0,340
996,1,1,391
997,1,2,852
998,1,3,1473
999,1,4,1220
1000,2,0,640
1001,2,1,691
1002,2,2,1098
1003,2,3,1719
1004,2,4,1453
1005,3,0,262
1006,3,1,277
1007,3,2,708
1008,3,3,1329
1009,3,4,1242
1010,4,0,458
1011,4,1,428
1012,4,2,1167
1013,4,3,1788
1014,4,4,1543
1015,0,0,862
1016,0,1,851
1017,0,2,902
1018,0,3,981
1019,0,4,1067
1020,1,0,569
1021,1,1,558
1022,1,2,609
1023,1,3,689
1024,1,4,774
1025,2,0,815
1026,2,1,804
1027,2,2,855
1028,2,3,935
1029,2,4,1020
1030,3,0,419
1031,3,1,414
1032,3,2,465
1033,3,3,545
1034,3,4,630
1035,4,0,961
1036,4,1,873
1037,4,2,924
1038,4,3,1003
1039,4,4,1089
1040,0,0,1162
1041,0,1,1554
1042,0,2,720
1043,0,3,890
1044,0,4,959
1045,1,0,870
1046,1,1,1544
1047,1,2,233
1048,1,3,310
1049,1,4,977
1050,2,0,1116
1051,2,1,1019
1052,2,2,493
1053,2,3,494
1054,2,4,496
1055,3,0,726
1056,3,1,1460
1057,3,2,573
1058,3,3,575
1059,3,4,781
1060,4,0,1184
1061,4,1,1504
1062,4,2,460
1063,4,3,252
1064,4,4,651
1065,0,0,1009
1066,0,1,912
1067,0,2,1070
1068,0,3,1285
1069,0,4,1326
1070,1,0,998
1071,1,1,901
1072,1,2,1059
1073,1,3,1274
1074,1,4,1316
1075,2,0,474
1076,2,1,377
1077,2,2,535
1078,2,3,750
1079,2,4,792
1080,3,0,915
1081,3,1,818
1082,3,2,976
1083,3,3,1191
1084,3,4,1232
1085,4,0,821
1086,4,1,760
1087,4,2,943
1088,4,3,1235
1089,4,4,1276
1090,0,0,1409
1091,0,1,1501
1092,0,2,1671
1093,0,3,1738
1094,0,4,1658
1095,1,0,1398
1096,1,1,1491
1097,1,2,1661
1098,1,3,1728
1099,1,4,1648
1100,2,0,874
1101,2,1,967
1102,2,2,1136
1103,2,3,1203
1104,2,4,1124
1105,3,0,1315
1106,3,1,1407
1107,3,2,1577
1108,3,3,1644
1109,3,4,1564
1110,4,0,1359
1111,4,1,1451
1112,4,2,1621
1113,4,3,1688
1114,4,4,1608
1115,0,0,863
1116,1,0,1073
1117,2,0,823
1118,3,0,917
1119,4,0,1206
1120,0,0,1160
1121,0,1,984
1122,0,2,1329
1123,0,3,1092
1124,0,4,881
1125,1,0,1113
1126,1,1,937
1127,1,2,1730
1128,1,3,605
1129,1,4,935
1130,2,0,1040
1131,2,1,864
1132,2,2,1697
1133,2,3,516
1134,2,4,846
1135,3,0,1002
1136,3,1,813
1137,3,2,1578
1138,3,3,1024
1139,3,4,808
1140,4,0,1227
1141,4,1,1051
1142,4,2,1581
1143,4,3,680
1144,4,4,770
1145,0,0,428
1146,0,1,426
1147,0,2,870
1148,0,3,302
1149,0,4,514
1150,1,0,839
1151,1,1,922
1152,1,2,714
1153,1,3,1174
1154,1,4,889
1155,2,0,766
1156,2,1,848
1157,2,2,625
1158,2,3,1101
1159,2,4,816
1160,3,0,343
1161,3,1,204
1162,3,2,802
1163,3,3,770
1164,3,4,143
1165,4,0,622
1166,4,1,781
1167,4,2,480
1168,4,3,1089
1169,4,4,845
1170,0,0,1173
1171,0,1,1135
1172,0,2,1030
1173,0,3,1346
1174,0,4,1377
1175,1,0,842
1176,1,1,1528
1177,1,2,1464
1178,1,3,1747
1179,1,4,1778
1180,2,0,828
1181,2,1,1505
1182,2,2,1403
1183,2,3,1714
1184,2,4,1745
1185,3,0,1101
1186,3,1,1385
1187,3,2,1280
1188,3,3,1596
1189,3,4,1626
1190,4,0,1064
1191,4,1,1390
1192,4,2,1287
1193,4,3,1599
1194,4,4,1629
1195,0,0,1363
1196,0,1,1253
1197,0,2,1232
1198,0,3,1124
1199,0,4,957
1200,1,0,1764
1201,1,1,1654
1202,1,2,1633
1203,1,3,1525
1204,1,4,1393
1205,2,0,1731
1206,2,1,1621
1207,2,2,1600
1208,2,3,1494
1209,2,4,1330
1210,3,0,1612
1211,3,1,1502
1212,3,2,1482
1213,3,3,1374
1214,3,4,1206
1215,4,0,1616
1216,4,1,1505
1217,4,2,1485
1218,4,3,1379
1219,4,4,1214
1220,0,0,989
1221,0,1,450
1222,0,2,992
1223,0,3,756
1224,0,4,322
1225,1,0,291
1226,1,1,652
1227,1,2,199
1228,1,3,514
1229,1,4,985
1230,2,0,202
1231,2,1,578
1232,2,2,110
1233,2,3,424
1234,2,4,912
1235,3,0,920
1236,3,1,375
1237,3,2,924
1238,3,3,688
1239,3,4,353
1240,4,0,672
1241,4,1,571
1242,4,2,737
1243,4,3,582
1244,4,4,949
1245,0,0,314
1246,0,1,428
1247,0,2,409
1248,0,3,732
1249,0,4,515
1250,1,0,1205
1251,1,1,1319
1252,1,2,1300
1253,1,3,578
1254,1,4,617
1255,2,0,1132
1256,2,1,1246
1257,2,2,1227
1258,2,3,489
1259,2,4,544
1260,3,0,781
1261,3,1,895
1262,3,2,875
1263,3,3,664
1264,3,4,447
1265,4,0,1120
1266,4,1,1234
1267,4,2,1215
1268,4,3,568
1269,4,4,634
1270,0,0,910
1271,0,1,961
1272,0,2,1368
1273,0,3,1989
1274,0,4,1305
1275,1,0,754
1276,1,1,734
1277,1,2,1194
1278,1,3,1815
1279,1,4,1706
1280,2,0,740
1281,2,1,720
1282,2,2,1181
1283,2,3,1802
1284,2,4,1674
1285,3,0,838
1286,3,1,888
1287,3,2,1295
1288,3,3,1916
1289,3,4,1555
1290,4,0,800
1291,4,1,851
1292,4,2,1258
1293,4,3,1879
1294,4,4,1558
1295,0,0,1085
1296,0,1,1074
1297,0,2,1125
1298,0,3,1204
1299,0,4,1290
1300,1,0,1026
1301,1,1,901
1302,1,2,951
1303,1,3,1031
1304,1,4,1116
1305,2,0,1012
1306,2,1,887
1307,2,2,938
1308,2,3,1017
1309,2,4,1103
1310,3,0,1012
1311,3,1,1002
1312,3,2,1052
1313,3,3,1132
1314,3,4,1217
1315,4,0,975
1316,4,1,964
1317,4,2,1015
1318,4,3,1095
1319,4,4,1180
1320,0,0,1385
1321,0,1,1501
1322,0,2,943
1323,0,3,1088
1324,0,4,891
1325,1,0,1212
1326,1,1,1110
1327,1,2,803
1328,1,3,776
1329,1,4,195
1330,2,0,1198
1331,2,1,1037
1332,2,2,714
1333,2,3,756
1334,2,4,122
1335,3,0,1313
1336,3,1,1433
1337,3,2,871
1338,3,3,1020
1339,3,4,823
1340,4,0,1276
1341,4,1,1407
1342,4,2,561
1343,4,3,651
1344,4,4,811
1345,0,0,914
1346,0,1,844
1347,0,2,1017
1348,0,3,1232
1349,0,4,1274
1350,1,0,365
1351,1,1,304
1352,1,2,486
1353,1,3,907
1354,1,4,883
1355,2,0,291
1356,2,1,230
1357,2,2,413
1358,2,3,834
1359,2,4,810
1360,3,0,846
1361,3,1,776
1362,3,2,949
1363,3,3,1164
1364,3,4,1206
1365,4,0,862
1366,4,1,764
1367,4,2,922
1368,4,3,1137
1369,4,4,1179
1370,0,0,1356
1371,0,1,1449
1372,0,2,1618
1373,0,3,1686
1374,0,4,1606
1375,1,0,965
1376,1,1,1058
1377,1,2,1227
1378,1,3,1295
1379,1,4,1215
1380,2,0,892
1381,2,1,984
1382,2,2,1154
1383,2,3,1221
1384,2,4,1142
1385,3,0,1245
1386,3,1,1270
1387,3,2,1467
1388,3,3,1618
1389,3,4,1538
1390,4,0,1261
1391,4,1,1354
1392,4,2,1524
1393,4,3,1591
1394,4,4,1511
1395,0,0,626
1396,1,0,937
1397,2,0,864
1398,3,0,370
1399,4,0,836
1400,0,0,638
1401,0,1,462
1402,0,2,1833
1403,0,3,763
1404,0,4,967
1405,1,0,1525
1406,1,1,1349
1407,1,2,1309
1408,1,3,565
1409,1,4,479
1410,2,0,1512
1411,2,1,1336
1412,2,2,1088
1413,2,3,1137
1414,2,4,891
1415,3,0,1083
1416,3,1,928
1417,3,2,1905
1418,3,3,849
1419,3,4,1054
1420,4,0,1757
1421,4,1,1669
1422,4,2,1127
1423,4,3,1236
1424,4,4,774
1425,0,0,739
1426,0,1,821
1427,0,2,747
1428,0,3,1074
1429,0,4,788
1430,1,0,838
1431,1,1,997
1432,1,2,530
1433,1,3,1305
1434,1,4,1061
1435,2,0,780
1436,2,1,787
1437,2,2,885
1438,2,3,705
1439,2,4,851
1440,3,0,990
1441,3,1,1072
1442,3,2,833
1443,3,3,1325
1444,3,4,1039
1445,4,0,1104
1446,4,1,1263
1447,4,2,984
1448,4,3,1487
1449,4,4,1326
1450,0,0,1129
1451,0,1,1627
1452,0,2,1525
1453,0,3,1850
1454,0,4,1880
1455,1,0,649
1456,1,1,1118
1457,1,2,1015
1458,1,3,1327
1459,1,4,1357
1460,2,0,1184
1461,2,1,895
1462,2,2,790
1463,2,3,1106
1464,2,4,1136
1465,3,0,1160
1466,3,1,1714
1467,3,2,1611
1468,3,3,1923
1469,3,4,1953
1470,4,0,723
1471,4,1,925
1472,4,2,861
1473,4,3,1145
1474,4,4,1175
1475,0,0,1867
1476,0,1,1757
1477,0,2,1736
1478,0,3,1616
1479,0,4,1452
1480,1,0,1343
1481,1,1,1233
1482,1,2,1212
1483,1,3,1107
1484,1,4,942
1485,2,0,1122
1486,2,1,1012
1487,2,2,991
1488,2,3,884
1489,2,4,716
1490,3,0,1939
1491,3,1,1829
1492,3,2,1808
1493,3,3,1702
1494,3,4,1538
1495,4,0,1161
1496,4,1,1051
1497,4,2,1030
1498,4,3,923
1499,4,4,845
1500,0,0,610
1501,0,1,551
1502,0,2,667
1503,0,3,398
1504,0,4,885
1505,1,0,815
1506,1,1,862
1507,1,2,834
1508,1,3,908
1509,1,4,1116
1510,2,0,1053
1511,2,1,802
1512,2,2,1118
1513,2,3,1061
1514,2,4,818
1515,3,0,676
1516,3,1,802
1517,3,2,584
1518,3,3,688
1519,3,4,1136
1520,4,0,1152
1521,4,1,1128
1522,4,2,1216
1523,4,3,1160
1524,4,4,1381
1525,0,0,1105
1526,0,1,1219
1527,0,2,1200
1528,0,3,412
1529,0,4,517
1530,1,0,1336
1531,1,1,1450
1532,1,2,1430
1533,1,3,893
1534,1,4,935
1535,2,0,861
1536,2,1,975
1537,2,2,956
1538,2,3,1084
1539,2,4,867
1540,3,0,1356
1541,3,1,1470
1542,3,2,1451
1543,3,3,682
1544,3,4,768
1545,4,0,1601
1546,4,1,1715
1547,4,2,1696
1548,4,3,1177
1549,4,4,1200
1550,0,0,983
1551,0,1,1021
1552,0,2,1440
1553,0,3,2061
1554,0,4,1809
1555,1,0,227
1556,1,1,123
1557,1,2,861
1558,1,3,1482
1559,1,4,1286
1560,2,0,920
1561,2,1,971
1562,2,2,1378
1563,2,3,1999
1564,2,4,1065
1565,3,0,1072
1566,3,1,1052
1567,3,2,1513
1568,3,3,2134
1569,3,4,1882
1570,4,0,755
1571,4,1,805
1572,4,2,924
1573,4,3,1545
1574,4,4,1104
1575,0,0,1157
1576,0,1,1147
1577,0,2,1197
1578,0,3,1277
1579,0,4,1362
1580,1,0,578
1581,1,1,567
1582,1,2,618
1583,1,3,698
1584,1,4,783
1585,2,0,1095
1586,2,1,1084
1587,2,2,1135
1588,2,3,1215
1589,2,4,1300
1590,3,0,1243
1591,3,1,1219
1592,3,2,1270
1593,3,3,1350
1594,3,4,1435
1595,4,0,790
1596,4,1,664
1597,4,2,604
1598,4,3,684
1599,4,4,846
1600,0,0,1458
1601,0,1,1161
1602,0,2,836
1603,0,3,828
1604,0,4,563
1605,1,0,879
1606,1,1,1523
1607,1,2,505
1608,1,3,350
1609,1,4,757
1610,2,0,1396
1611,2,1,1787
1612,2,2,954
1613,2,3,1123
1614,2,4,1192
1615,3,0,1530
1616,3,1,1094
1617,3,2,922
1618,3,3,914
1619,3,4,381
1620,4,0,997
1621,4,1,1887
1622,4,2,1072
1623,4,3,1081
1624,4,4,1222
1625,0,0,550
1626,0,1,516
1627,0,2,664
1628,0,3,892
1629,0,4,934
1630,1,0,894
1631,1,1,802
1632,1,2,1039
1633,1,3,1253
1634,1,4,1295
1635,2,0,1242
1636,2,1,1145
1637,2,2,1303
1638,2,3,1518
1639,2,4,1560
1640,3,0,226
1641,3,1,286
1642,3,2,152
1643,3,3,578
1644,3,4,694
1645,4,0,1341
1646,4,1,1244
1647,4,2,1403
1648,4,3,1617
1649,4,4,1659
1650,0,0,1016
1651,0,1,1109
1652,0,2,1278
1653,0,3,1346
1654,0,4,1266
1655,1,0,1377
1656,1,1,1470
1657,1,2,1640
1658,1,3,1707
1659,1,4,1627
1660,2,0,1642
1661,2,1,1735
1662,2,2,1904
1663,2,3,1972
1664,2,4,1892
1665,3,0,838
1666,3,1,1084
1667,3,2,1211
1668,3,3,1278
1669,3,4,1198
1670,4,0,1741
1671,4,1,1834
1672,4,2,2004
1673,4,3,2071
1674,4,4,1991
1675,0,0,837
1676,1,0,1051
1677,2,0,992
1678,3,0,1088
1679,4,0,1317
1680,0,0,1874
1681,0,1,1786
1682,0,2,1003
1683,0,3,1353
1684,0,4,890
1685,1,0,1885
1686,1,1,1709
1687,1,2,1735
1688,1,3,1289
1689,1,4,1146
1690,2,0,1259
1691,2,1,1083
1692,2,2,1629
1693,2,3,1114
1694,2,4,869
1695,3,0,1732
1696,3,1,1567
1697,3,2,1248
1698,3,3,1100
1699,3,4,661
1700,4,0,664
1701,4,1,489
1702,4,2,1684
1703,4,3,826
1704,4,4,902
1705,0,0,1220
1706,0,1,1379
1707,0,2,1101
1708,0,3,1363
1709,0,4,1443
1710,1,0,1479
1711,1,1,1638
1712,1,2,1333
1713,1,3,1947
1714,1,4,1661
1715,2,0,371
1716,2,1,521
1717,2,2,862
1718,2,3,837
1719,2,4,585
1720,3,0,994
1721,3,1,1153
1722,3,2,848
1723,3,3,1461
1724,3,4,1217
1725,4,0,590
1726,4,1,720
1727,4,2,850
1728,4,3,925
1729,4,4,639
1730,0,0,794
1731,0,1,801
1732,0,2,737
1733,0,3,1021
1734,0,4,1051
1735,1,0,691
1736,1,1,1533
1737,1,2,1469
1738,1,3,1752
1739,1,4,1782
1740,2,0,1161
1741,2,1,1436
1742,2,2,1330
1743,2,3,1647
1744,2,4,1677
1745,3,0,479
1746,3,1,1046
1747,3,2,982
1748,3,3,1265
1749,3,4,1295
1750,4,0,1191
1751,4,1,1490
1752,4,2,1385
1753,4,3,1701
1754,4,4,1731
1755,0,0,1157
1756,0,1,1032
1757,0,2,1022
1758,0,3,799
1759,0,4,721
1760,1,0,1769
1761,1,1,1659
1762,1,2,1638
1763,1,3,1530
1764,1,4,1453
1765,2,0,1663
1766,2,1,1553
1767,2,2,1532
1768,2,3,1425
1769,2,4,1257
1770,3,0,1282
1771,3,1,1172
1772,3,2,1151
1773,3,3,1043
1774,3,4,966
1775,4,0,1718
1776,4,1,1608
1777,4,2,1587
1778,4,3,1479
1779,4,4,1311
1780,0,0,1268
1781,0,1,1244
1782,0,2,1333
1783,0,3,1277
1784,0,4,1476
1785,1,0,1282
1786,1,1,1424
1787,1,2,1190
1788,1,3,1310
1789,1,4,1758
1790,2,0,1030
1791,2,1,542
1792,2,2,1090
1793,2,3,855
1794,2,4,594
1795,3,0,1016
1796,3,1,1018
1797,3,2,1081
1798,3,3,1024
1799,3,4,1272
1800,4,0,726
1801,4,1,402
1802,4,2,791
1803,4,3,494
1804,4,4,796
1805,0,0,1519
1806,0,1,1633
1807,0,2,1614
1808,0,3,1294
1809,0,4,1316
1810,1,0,1978
1811,1,1,2092
1812,1,2,2072
1813,1,3,1303
1814,1,4,1390
1815,2,0,850
1816,2,1,964
1817,2,2,945
1818,2,3,830
1819,2,4,614
1820,3,0,1492
1821,3,1,1606
1822,3,2,1587
1823,3,3,1042
1824,3,4,1091
1825,4,0,956
1826,4,1,1070
1827,4,2,1051
1828,4,3,432
1829,4,4,339
1830,0,0,871
1831,0,1,922
1832,0,2,1005
1833,0,3,1626
1834,0,4,1084
1835,1,0,1020
1836,1,1,1012
1837,1,2,703
1838,1,3,1491
1839,1,4,1711
1840,2,0,898
1841,2,1,949
1842,2,2,1356
1843,2,3,1977
1844,2,4,1606
1845,3,0,568
1846,3,1,618
1847,3,2,492
1848,3,3,1113
1849,3,4,1224
1850,4,0,931
1851,4,1,982
1852,4,2,1389
1853,4,3,2010
1854,4,4,1660
1855,0,0,748
1856,0,1,711
1857,0,2,762
1858,0,3,842
1859,0,4,927
1860,1,0,904
1861,1,1,622
1862,1,2,554
1863,1,3,477
1864,1,4,658
1865,2,0,1073
1866,2,1,1062
1867,2,2,1113
1868,2,3,1192
1869,2,4,1278
1870,3,0,419
1871,3,1,213
1872,3,2,153
1873,3,3,233
1874,3,4,414
1875,4,0,1106
1876,4,1,1095
1877,4,2,1146
1878,4,3,1225
1879,4,4,1311
1880,0,0,1022
1881,0,1,2003
1882,0,2,1188
1883,0,3,1198
1884,0,4,1293
1885,1,0,634
1886,1,1,1883
1887,1,2,1386
1888,1,3,1329
1889,1,4,1117
1890,2,0,1373
1891,2,1,1600
1892,2,2,931
1893,2,3,1081
1894,2,4,990
1895,3,0,541
1896,3,1,1751
1897,3,2,936
1898,3,3,960
1899,3,4,1019
1900,4,0,1406
1901,4,1,1236
1902,4,2,933
1903,4,3,945
1904,4,4,625
1905,0,0,1458
1906,0,1,1360
1907,0,2,1519
1908,0,3,1734
1909,0,4,1776
1910,1,0,1254
1911,1,1,1162
1912,1,2,1399
1913,1,3,1613
1914,1,4,1655
1915,2,0,1013
1916,2,1,943
1917,2,2,1116
1918,2,3,1331
1919,2,4,1373
1920,3,0,1155
1921,3,1,1063
1922,3,2,1267
1923,3,3,1481
1924,3,4,1523
1925,4,0,648
1926,4,1,578
1927,4,2,751
1928,4,3,966
1929,4,4,1008
1930,0,0,1857
1931,0,1,1951
1932,0,2,2120
1933,0,3,2188
1934,0,4,2107
1935,1,0,1737
1936,1,1,1830
1937,1,2,2000
1938,1,3,2067
1939,1,4,1987
1940,2,0,1455
1941,2,1,1548
1942,2,2,1717
1943,2,3,1784
1944,2,4,1705
1945,3,0,1605
1946,3,1,1698
1947,3,2,1868
1948,3,3,1935
1949,3,4,1855
1950,4,0,1090
1951,4,1,1183
1952,4,2,1353
1953,4,3,1420
1954,4,4,1340
1955,0,0,1434
1956,1,0,1709
1957,2,0,731
1958,3,0,1208
1959,4,0,688
1960,0,0,518
1961,0,1,363
1962,0,2,1961
1963,0,3,905
1964,0,4,1110
1965,1,0,1333
1966,1,1,1157
1967,1,2,1282
1968,1,3,1265
1969,1,4,1040
1970,2,0,885
1971,2,1,709
1972,2,2,1477
1973,2,3,385
1974,2,4,625
1975,3,0,1573
1976,3,1,1398
1977,3,2,1168
1978,3,3,988
1979,3,4,595
1980,4,0,870
1981,4,1,694
1982,4,2,1508
1983,4,3,416
1984,4,4,657
1985,0,0,1065
1986,0,1,1210
1987,0,2,889
1988,0,3,1400
1989,0,4,1124
1990,1,0,601
1991,1,1,608
1992,1,2,1034
1993,1,3,655
1994,1,4,672
1995,2,0,725
1996,2,1,807
1997,2,2,414
1998,2,3,1060
1999,2,4,774
2000,3,0,928
2001,3,1,1087
2002,3,2,782
2003,3,3,1395
2004,3,4,1151
2005,4,0,710
2006,4,1,792
2007,4,2,445
2008,4,3,1045
2009,4,4,760
2010,0,0,1286
2011,0,1,1769
2012,0,2,1667
2013,0,3,1978
2014,0,4,2009
2015,1,0,1333
2016,1,1,1088
2017,1,2,983
2018,1,3,1299
2019,1,4,1329
2020,2,0,904
2021,2,1,1285
2022,2,2,1183
2023,2,3,1494
2024,2,4,1524
2025,3,0,163
2026,3,1,966
2027,3,2,902
2028,3,3,1185
2029,3,4,1215
2030,4,0,943
2031,4,1,1316
2032,4,2,1214
2033,4,3,1526
2034,4,4,1556
2035,0,0,1995
2036,0,1,1885
2037,0,2,1864
2038,0,3,1759
2039,0,4,1594
2040,1,0,1316
2041,1,1,1206
2042,1,2,1185
2043,1,3,1077
2044,1,4,910
2045,2,0,1511
2046,2,1,1401
2047,2,2,1380
2048,2,3,1274
2049,2,4,1109
2050,3,0,1202
2051,3,1,1092
2052,3,2,1071
2053,3,3,963
2054,3,4,886
2055,4,0,1542
2056,4,1,1432
2057,4,2,1411
2058,4,3,1305
2059,4,4,1141
2060,0,0,748
2061,0,1,878
2062,0,2,728
2063,0,3,807
2064,0,4,1317
2065,1,0,1162
2066,1,1,623
2067,1,2,1165
2068,1,3,929
2069,1,4,639
2070,2,0,270
2071,2,1,537
2072,2,2,335
2073,2,3,175
2074,2,4,871
2075,3,0,970
2076,3,1,952
2077,3,2,878
2078,3,3,998
2079,3,4,1206
2080,4,0,354
2081,4,1,522
2082,4,2,419
2083,4,3,184
2084,4,4,856
2085,0,0,1431
2086,0,1,1545
2087,0,2,1510
2088,0,3,782
2089,0,4,844
2090,1,0,667
2091,1,1,781
2092,1,2,762
2093,1,3,905
2094,1,4,688
2095,2,0,1091
2096,2,1,1205
2097,2,2,1186
2098,2,3,184
2099,2,4,503
2100,3,0,1425
2101,3,1,1540
2102,3,2,1520
2103,3,3,992
2104,3,4,1078
2105,4,0,1076
2106,4,1,1190
2107,4,2,1171
2108,4,3,169
2109,4,4,488
2110,0,0,1125
2111,0,1,1176
2112,0,2,1583
2113,0,3,2204
2114,0,4,1938
2115,1,0,1070
2116,1,1,1120
2117,1,2,1527
2118,1,3,2148
2119,1,4,1258
2120,2,0,640
2121,2,1,691
2122,2,2,1098
2123,2,3,1719
2124,2,4,1453
2125,3,0,558
2126,3,1,597
2127,3,2,632
2128,3,3,1253
2129,3,4,1144
2130,4,0,680
2131,4,1,731
2132,4,2,1138
2133,4,3,1759
2134,4,4,1485
2135,0,0,1300
2136,0,1,1289
2137,0,2,1340
2138,0,3,1419
2139,0,4,1505
2140,1,0,1244
2141,1,1,1233
2142,1,2,1284
2143,1,3,1364
2144,1,4,1449
2145,2,0,815
2146,2,1,804
2147,2,2,855
2148,2,3,935
2149,2,4,1020
2150,3,0,409
2151,3,1,308
2152,3,2,362
2153,3,3,431
2154,3,4,554
2155,4,0,855
2156,4,1,844
2157,4,2,895
2158,4,3,974
2159,4,4,1060
2160,0,0,1600
2161,0,1,943
2162,0,2,978
2163,0,3,970
2164,0,4,734
2165,1,0,1545
2166,1,1,1674
2167,1,2,1103
2168,1,3,1272
2169,1,4,1064
2170,2,0,1116
2171,2,1,1019
2172,2,2,493
2173,2,3,494
2174,2,4,496
2175,3,0,739
2176,3,1,1571
2177,3,2,923
2178,3,3,926
2179,3,4,806
2180,4,0,1155
2181,4,1,1107
2182,4,2,533
2183,4,3,526
2184,4,4,512
2185,0,0,561
2186,0,1,639
2187,0,2,509
2188,0,3,660
2189,0,4,774
2190,1,0,1087
2191,1,1,1017
2192,1,2,1190
2193,1,3,1405
2194,1,4,1447
2195,2,0,474
2196,2,1,377
2197,2,2,535
2198,2,3,750
2199,2,4,792
2200,3,0,942
2201,3,1,850
2202,3,2,1087
2203,3,3,1302
2204,3,4,1343
2205,4,0,562
2206,4,1,465
2207,4,2,623
2208,4,3,838
2209,4,4,879
2210,0,0,798
2211,0,1,891
2212,0,2,1060
2213,0,3,1128
2214,0,4,1048
2215,1,0,1529
2216,1,1,1622
2217,1,2,1792
2218,1,3,1859
2219,1,4,1779
2220,2,0,874
2221,2,1,967
2222,2,2,1136
2223,2,3,1203
2224,2,4,1124
2225,3,0,1426
2226,3,1,1518
2227,3,2,1688
2228,3,3,1755
2229,3,4,1675
2230,4,0,962
2231,4,1,1054
2232,4,2,1224
2233,4,3,1291
2234,4,4,1211
2235,0,0,1015
2236,1,0,813
2237,2,0,823
2238,3,0,1141
2239,4,0,808
2240,0,0,1260
2241,0,1,1084
2242,0,2,1373
2243,0,3,709
2244,0,4,539
2245,1,0,1171
2246,1,1,995
2247,1,2,1589
2248,1,3,543
2249,1,4,762
2250,2,0,1537
2251,2,1,1361
2252,2,2,1350
2253,2,3,912
2254,2,4,785
2255,3,0,1510
2256,3,1,1334
2257,3,2,1638
2258,3,3,944
2259,3,4,774
2260,4,0,1473
2261,4,1,1297
2262,4,2,1406
2263,4,3,991
2264,4,4,776
2265,0,0,931
2266,0,1,1068
2267,0,2,786
2268,0,3,1321
2269,0,4,1036
2270,1,0,898
2271,1,1,980
2272,1,2,818
2273,1,3,1233
2274,1,4,947
2275,2,0,1110
2276,2,1,1269
2277,2,2,964
2278,2,3,1598
2279,2,4,1313
2280,3,0,1166
2281,3,1,1319
2282,3,2,1021
2283,3,3,1572
2284,3,4,1286
2285,4,0,1199
2286,4,1,1282
2287,4,2,1020
2288,4,3,1534
2289,4,4,1249
2290,0,0,485
2291,0,1,1171
2292,0,2,1107
2293,0,3,1390
2294,0,4,1420
2295,1,0,730
2296,1,1,1397
2297,1,2,1295
2298,1,3,1606
2299,1,4,1636
2300,2,0,452
2301,2,1,1148
2302,2,2,1084
2303,2,3,1367
2304,2,4,1397
2305,3,0,736
2306,3,1,1446
2307,3,2,1344
2308,3,3,1655
2309,3,4,1686
2310,4,0,518
2311,4,1,1204
2312,4,2,1140
2313,4,3,1423
2314,4,4,1453
2315,0,0,1407
2316,0,1,1297
2317,0,2,1276
2318,0,3,1168
2319,0,4,1035
2320,1,0,1623
2321,1,1,1513
2322,1,2,1492
2323,1,3,1386
2324,1,4,1221
2325,2,0,1384
2326,2,1,1274
2327,2,2,1253
2328,2,3,1145
2329,2,4,1068
2330,3,0,1672
2331,3,1,1562
2332,3,2,1541
2333,3,3,1435
2334,3,4,1271
2335,4,0,1440
2336,4,1,1330
2337,4,2,1309
2338,4,3,1201
2339,4,4,1124
2340,0,0,657
2341,0,1,798
2342,0,2,564
2343,0,3,684
2344,0,4,1132
2345,1,0,568
2346,1,1,710
2347,1,2,476
2348,1,3,596
2349,1,4,1044
2350,2,0,934
2351,2,1,1076
2352,2,2,842
2353,2,3,962
2354,2,4,1410
2355,3,0,907
2356,3,1,1049
2357,3,2,815
2358,3,3,935
2359,3,4,1383
2360,4,0,870
2361,4,1,1012
2362,4,2,778
2363,4,3,897
2364,4,4,1345
2365,0,0,1352
2366,0,1,1466
2367,0,2,1447
2368,0,3,678
2369,0,4,764
2370,1,0,1264
2371,1,1,1378
2372,1,2,1359
2373,1,3,590
2374,1,4,676
2375,2,0,1629
2376,2,1,1743
2377,2,2,1724
2378,2,3,955
2379,2,4,1042
2380,3,0,1603
2381,3,1,1717
2382,3,2,1697
2383,3,3,928
2384,3,4,1015
2385,4,0,1565
2386,4,1,1679
2387,4,2,1660
2388,4,3,891
2389,4,4,977
2390,0,0,397
2391,0,1,376
2392,0,2,837
2393,0,3,1458
2394,0,4,1349
2395,1,0,510
2396,1,1,443
2397,1,2,1083
2398,1,3,1704
2399,1,4,1565
2400,2,0,643
2401,2,1,635
2402,2,2,746
2403,2,3,1435
2404,2,4,1326
2405,3,0,632
2406,3,1,612
2407,3,2,1088
2408,3,3,1709
2409,3,4,1614
2410,4,0,634
2411,4,1,614
2412,4,2,870
2413,4,3,1491
2414,4,4,1382
2415,0,0,668
2416,0,1,544
2417,0,2,594
2418,0,3,674
2419,0,4,759
2420,1,0,857
2421,1,1,789
2422,1,2,840
2423,1,3,919
2424,1,4,1005
2425,2,0,645
2426,2,1,456
2427,2,2,477
2428,2,3,490
2429,2,4,701
2430,3,0,906
2431,3,1,795
2432,3,2,845
2433,3,3,925
2434,3,4,1010
2435,4,0,701
2436,4,1,577
2437,4,2,627
2438,4,3,707
2439,4,4,792
2440,0,0,855
2441,0,1,1257
2442,0,2,762
2443,0,3,705
2444,0,4,492
2445,1,0,1100
2446,1,1,1169
2447,1,2,788
2448,1,3,638
2449,1,4,404
2450,2,0,677
2451,2,1,1534
2452,2,2,1009
2453,2,3,952
2454,2,4,769
2455,3,0,1106
2456,3,1,1508
2457,3,2,997
2458,3,3,940
2459,3,4,742
2460,4,0,888
2461,4,1,1470
2462,4,2,1000
2463,4,3,943
2464,4,4,705
2465,0,0,628
2466,0,1,536
2467,0,2,773
2468,0,3,988
2469,0,4,1030
2470,1,0,540
2471,1,1,448
2472,1,2,685
2473,1,3,900
2474,1,4,941
2475,2,0,906
2476,2,1,814
2477,2,2,1050
2478,2,3,1265
2479,2,4,1307
2480,3,0,879
2481,3,1,787
2482,3,2,1024
2483,3,3,1238
2484,3,4,1451
2485,4,0,842
2486,4,1,749
2487,4,2,986
2488,4,3,1201
2489,4,4,1243
2490,0,0,1112
2491,0,1,1205
2492,0,2,1374
2493,0,3,1441
2494,0,4,1362
2495,1,0,1024
2496,1,1,1116
2497,1,2,1286
2498,1,3,1353
2499,1,4,1273
2500,2,0,1389
2501,2,1,1482
2502,2,2,1652
2503,2,3,1719
2504,2,4,1639
2505,3,0,1260
2506,3,1,1371
2507,3,2,1568
2508,3,3,1692
2509,3,4,1612
2510,4,0,1325
2511,4,1,1418
2512,4,2,1587
2513,4,3,1655
2514,4,4,1575
2515,0,0,1084
2516,1,0,996
2517,2,0,1361
2518,3,0,1334
2519,4,0,1297
2520,0,0,940
2521,0,1,764
2522,0,2,1512
2523,0,3,952
2524,0,4,721
2525,1,0,1040
2526,1,1,851
2527,1,2,1681
2528,1,3,1196
2529,1,4,968
2530,2,0,1209
2531,2,1,1317
2532,2,2,1451
2533,2,3,1425
2534,2,4,1214
2535,3,0,1784
2536,3,1,1935
2537,3,2,880
2538,3,3,1586
2539,3,4,1121
2540,4,0,2088
2541,4,1,1912
2542,4,2,578
2543,4,3,1631
2544,4,4,1167
2545,0,0,355
2546,0,1,439
2547,0,2,710
2548,0,3,754
2549,0,4,523
2550,1,0,445
2551,1,1,306
2552,1,2,957
2553,1,3,673
2554,1,4,220
2555,2,0,762
2556,2,1,767
2557,2,2,1203
2558,2,3,287
2559,2,4,847
2560,3,0,1379
2561,3,1,1386
2562,3,2,1334
2563,3,3,1304
2564,3,4,1450
2565,4,0,1356
2566,4,1,1363
2567,4,2,1380
2568,4,3,1281
2569,4,4,1427
2570,0,0,1013
2571,0,1,1319
2572,0,2,1213
2573,0,3,1530
2574,0,4,1560
2575,1,0,1260
2576,1,1,1487
2577,1,2,1382
2578,1,3,1698
2579,1,4,1729
2580,2,0,1506
2581,2,1,1258
2582,2,2,1153
2583,2,3,1469
2584,2,4,1499
2585,3,0,1312
2586,3,1,896
2587,3,2,749
2588,3,3,726
2589,3,4,825
2590,4,0,1113
2591,4,1,392
2592,4,2,454
2593,4,3,596
2594,4,4,626
2595,0,0,1546
2596,0,1,1436
2597,0,2,1415
2598,0,3,1308
2599,0,4,1140
2600,1,0,1715
2601,1,1,1605
2602,1,2,1584
2603,1,3,1476
2604,1,4,1309
2605,2,0,1485
2606,2,1,1375
2607,2,2,1355
2608,2,3,1247
2609,2,4,1079
2610,3,0,891
2611,3,1,907
2612,3,2,922
2613,3,3,977
2614,3,4,764
2615,4,0,612
2616,4,1,493
2617,4,2,484
2618,4,3,381
2619,4,4,481
2620,0,0,769
2621,0,1,169
2622,0,2,772
2623,0,3,536
2624,0,4,547
2625,1,0,1092
2626,1,1,553
2627,1,2,1095
2628,1,3,860
2629,1,4,460
2630,2,0,1322
2631,2,1,783
2632,2,2,1325
2633,2,3,1089
2634,2,4,620
2635,3,0,1501
2636,3,1,1400
2637,3,2,1567
2638,3,3,1510
2639,3,4,1417
2640,4,0,1547
2641,4,1,1377
2642,4,2,1613
2643,4,3,1556
2644,4,4,1394
2645,0,0,785
2646,0,1,899
2647,0,2,880
2648,0,3,512
2649,0,4,249
2650,1,0,683
2651,1,1,798
2652,1,2,778
2653,1,3,835
2654,1,4,619
2655,2,0,280
2656,2,1,333
2657,2,2,316
2658,2,3,1065
2659,2,4,848
2660,3,0,1185
2661,3,1,1222
2662,3,2,1085
2663,3,3,1527
2664,3,4,1466
2665,4,0,1437
2666,4,1,1551
2667,4,2,1532
2668,4,3,1573
2669,4,4,1443
2670,0,0,750
2671,0,1,801
2672,0,2,1208
2673,0,3,1829
2674,0,4,1489
2675,1,0,997
2676,1,1,1048
2677,1,2,1455
2678,1,3,2076
2679,1,4,1657
2680,2,0,1243
2681,2,1,1294
2682,2,2,1701
2683,2,3,2322
2684,2,4,1428
2685,3,0,1102
2686,3,1,1153
2687,3,2,1523
2688,3,3,2144
2689,3,4,849
2690,4,0,1148
2691,4,1,1199
2692,4,2,1323
2693,4,3,1944
2694,4,4,595
2695,0,0,925
2696,0,1,914
2697,0,2,965
2698,0,3,1044
2699,0,4,1130
2700,1,0,1172
2701,1,1,1161
2702,1,2,1212
2703,1,3,1291
2704,1,4,1377
2705,2,0,1418
2706,2,1,1407
2707,2,2,1458
2708,2,3,1538
2709,2,4,1623
2710,3,0,1266
2711,3,1,1229
2712,3,2,1280
2713,3,3,1360
2714,3,4,1445
2715,4,0,1066
2716,4,1,1030
2717,4,2,1080
2718,4,3,1160
2719,4,4,1245
2720,0,0,1225
2721,0,1,1281
2722,0,2,783
2723,0,3,924
2724,0,4,671
2725,1,0,1472
2726,1,1,1438
2727,1,2,1030
2728,1,3,1176
2729,1,4,995
2730,2,0,1719
2731,2,1,1710
2732,2,2,1277
2733,2,3,1422
2734,2,4,1225
2735,3,0,1541
2736,3,1,2236
2737,3,2,1385
2738,3,3,1429
2739,3,4,1641
2740,4,0,1341
2741,4,1,2282
2742,4,2,1432
2743,4,3,1475
2744,4,4,1611
2745,0,0,694
2746,0,1,624
2747,0,2,797
2748,0,3,1012
2749,0,4,1054
2750,1,0,1017
2751,1,1,947
2752,1,2,1121
2753,1,3,1336
2754,1,4,1377
2755,2,0,1247
2756,2,1,1177
2757,2,2,1351
2758,2,3,1565
2759,2,4,1607
2760,3,0,1691
2761,3,1,1594
2762,3,2,1752
2763,3,3,1966
2764,3,4,2008
2765,4,0,1748
2766,4,1,1656
2767,4,2,1798
2768,4,3,2012
2769,4,4,2054
2770,0,0,1136
2771,0,1,1229
2772,0,2,1399
2773,0,3,1466
2774,0,4,1386
2775,1,0,1276
2776,1,1,1301
2777,1,2,1498
2778,1,3,1622
2779,1,4,1573
2780,2,0,1548
2781,2,1,1573
2782,2,2,1770
2783,2,3,1894
2784,2,4,1845
2785,3,0,2091
2786,3,1,2148
2787,3,2,2345
2788,3,3,2420
2789,3,4,2340
2790,4,0,2136
2791,4,1,2229
2792,4,2,2399
2793,4,3,2466
2794,4,4,2386
2795,0,0,507
2796,1,0,251
2797,2,0,871
2798,3,0,1591
2799,4,0,1568
2800,0,0,1228
2801,0,1,1052
2802,0,2,957
2803,0,3,1022
2804,0,4,776
2805,1,0,764
2806,1,1,881
2807,1,2,1862
2808,1,3,806
2809,1,4,1010
2810,2,0,23451
2811,2,1,23498
2812,2,2,23801
2813,2,3,23107
2814,2,4,22937
2815,3,0,2395
2816,3,1,2273
2817,3,2,1536
2818,3,3,1763
2819,3,4,1324
2820,4,0,723
2821,4,1,905
2822,4,2,1748
2823,4,3,1353
2824,4,4,1138
2825,0,0,496
2826,0,1,503
2827,0,2,770
2828,0,3,421
2829,0,4,567
2830,1,0,939
2831,1,1,1021
2832,1,2,789
2833,1,3,1274
2834,1,4,988
2835,2,0,23330
2836,2,1,23482
2837,2,2,23184
2838,2,3,23735
2839,2,4,23449
2840,3,0,1657
2841,3,1,1816
2842,3,2,1511
2843,3,3,2153
2844,3,4,1880
2845,4,0,709
2846,4,1,697
2847,4,2,1131
2848,4,3,835
2849,4,4,611
2850,0,0,1068
2851,0,1,763
2852,0,2,658
2853,0,3,974
2854,0,4,1004
2855,1,0,1160
2856,1,1,1670
2857,1,2,1568
2858,1,3,1879
2859,1,4,1909
2860,2,0,22899
2861,2,1,23609
2862,2,2,23507
2863,2,3,23819
2864,2,4,23849
2865,3,0,1182
2866,3,1,1591
2867,3,2,1527
2868,3,3,1623
2869,3,4,1493
2870,4,0,1430
2871,4,1,1722
2872,4,2,1616
2873,4,3,1607
2874,4,4,1693
2875,0,0,991
2876,0,1,881
2877,0,2,860
2878,0,3,752
2879,0,4,585
2880,1,0,1895
2881,1,1,1785
2882,1,2,1765
2883,1,3,1659
2884,1,4,1494
2885,2,0,23835
2886,2,1,23725
2887,2,2,23704
2888,2,3,23598
2889,2,4,23434
2890,3,0,1587
2891,3,1,1717
2892,3,2,1696
2893,3,3,1588
2894,3,4,1511
2895,4,0,1761
2896,4,1,1839
2897,4,2,1818
2898,4,3,1711
2899,4,4,1543
2900,0,0,937
2901,0,1,517
2902,0,2,1002
2903,0,3,824
2904,0,4,534
2905,1,0,621
2906,1,1,751
2907,1,2,601
2908,1,3,637
2909,1,4,1085
2910,2,0,23070
2911,2,1,23212
2912,2,2,22978
2913,2,3,23098
2914,2,4,23546
2915,3,0,1679
2916,3,1,1681
2917,3,2,1754
2918,3,3,1687
2919,3,4,1935
2920,4,0,1250
2921,4,1,704
2922,4,2,1253
2923,4,3,1017
2924,4,4,851
2925,0,0,577
2926,0,1,691
2927,0,2,672
2928,0,3,799
2929,0,4,583
2930,1,0,1305
2931,1,1,1419
2932,1,2,1400
2933,1,3,630
2934,1,4,717
2935,2,0,23766
2936,2,1,23880
2937,2,2,23861
2938,2,3,23092
2939,2,4,23178
2940,3,0,2155
2941,3,1,2269
2942,3,2,2250
2943,3,3,1705
2944,3,4,1754
2945,4,0,556
2946,4,1,684
2947,4,2,561
2948,4,3,993
2949,4,4,776
2950,0,0,805
2951,0,1,856
2952,0,2,1263
2953,0,3,1884
2954,0,4,933
2955,1,0,1025
2956,1,1,1051
2957,1,2,1483
2958,1,3,2104
2959,1,4,1838
2960,2,0,22795
2961,2,1,22775
2962,2,2,22782
2963,2,3,22115
2964,2,4,23778
2965,3,0,1230
2966,3,1,1281
2967,3,2,1011
2968,3,3,1211
2969,3,4,1670
2970,4,0,1167
2971,4,1,1218
2972,4,2,1625
2973,4,3,2246
2974,4,4,1835
2975,0,0,980
2976,0,1,969
2977,0,2,1020
2978,0,3,1100
2979,0,4,1185
2980,1,0,1200
2981,1,1,1189
2982,1,2,1240
2983,1,3,1320
2984,1,4,1405
2985,2,0,23070
2986,2,1,22958
2987,2,2,23009
2988,2,3,23088
2989,2,4,22893
2990,3,0,1150
2991,3,1,1099
2992,3,2,1150
2993,3,3,1239
2994,3,4,1121
2995,4,0,1342
2996,4,1,1331
2997,4,2,1382
2998,4,3,1461
2999,4,4,1547
3000,0,0,1280
3001,0,1,1569
3002,0,2,838
3003,0,3,1008
3004,0,4,959
3005,1,0,1501
3006,1,1,630
3007,1,2,878
3008,1,3,870
3009,1,4,592
3010,2,0,22827
3011,2,1,23189
3012,2,2,23161
3013,2,3,23104
3014,2,4,22906
3015,3,0,1056
3016,3,1,2414
3017,3,2,1598
3018,3,3,1623
3019,3,4,1681
3020,4,0,1642
3021,4,1,1224
3022,4,2,1200
3023,4,3,1349
3024,4,4,1153
3025,0,0,982
3026,0,1,912
3027,0,2,1085
3028,0,3,1300
3029,0,4,1342
3030,1,0,498
3031,1,1,545
3032,1,2,504
3033,1,3,238
3034,1,4,292
3035,2,0,23042
3036,2,1,22950
3037,2,2,23088
3038,2,3,23173
3039,2,4,23061
3040,3,0,1818
3041,3,1,1725
3042,3,2,1930
3043,3,3,2144
3044,3,4,2186
3045,4,0,1175
3046,4,1,1105
3047,4,2,1279
3048,4,3,1288
3049,4,4,1157
3050,0,0,1424
3051,0,1,1517
3052,0,2,1686
3053,0,3,1753
3054,0,4,1674
3055,1,0,415
3056,1,1,585
3057,1,2,782
3058,1,3,814
3059,1,4,735
3060,2,0,22934
3061,2,1,23045
3062,2,2,23243
3063,2,3,23373
3064,2,4,23293
3065,3,0,2268
3066,3,1,2361
3067,3,2,2531
3068,3,3,2598
3069,3,4,2518
3070,4,0,1062
3071,4,1,1087
3072,4,2,1284
3073,4,3,1409
3074,4,4,1359
3075,0,0,708
3076,1,0,1036
3077,2,0,23498
3078,3,0,1871
3079,4,0,642
3080,0,0,1964
3081,0,1,1875
3082,0,2,1486
3083,0,3,1443
3084,0,4,963
3085,1,0,1888
3086,1,1,2070
3087,1,2,993
3088,1,3,1780
3089,1,4,1315
3090,2,0,1879
3091,2,1,1791
3092,2,2,1249
3093,2,3,1358
3094,2,4,896
3095,3,0,1043
3096,3,1,1225
3097,3,2,1503
3098,3,3,1477
3099,3,4,1266
3100,4,0,1783
3101,4,1,1633
3102,4,2,1227
3103,4,3,1434
3104,4,4,1188
3105,0,0,1310
3106,0,1,1469
3107,0,2,1190
3108,0,3,1694
3109,0,4,1532
3110,1,0,1573
3111,1,1,1580
3112,1,2,1528
3113,1,3,1498
3114,1,4,1644
3115,2,0,1226
3116,2,1,1385
3117,2,2,1107
3118,2,3,1609
3119,2,4,1449
3120,3,0,813
3121,3,1,780
3122,3,2,1255
3123,3,3,308
3124,3,4,731
3125,4,0,1077
3126,4,1,1084
3127,4,2,1182
3128,4,3,1003
3129,4,4,1148
3130,0,0,821
3131,0,1,1132
3132,0,2,1068
3133,0,3,1351
3134,0,4,1533
3135,1,0,1506
3136,1,1,1090
3137,1,2,943
3138,1,3,852
3139,1,4,938
3140,2,0,727
3141,2,1,1047
3142,2,2,983
3143,2,3,1267
3144,2,4,1297
3145,3,0,1558
3146,3,1,1309
3147,3,2,1204
3148,3,3,1520
3149,3,4,1551
3150,4,0,1481
3151,4,1,1192
3152,4,2,1087
3153,4,3,1086
3154,4,4,1172
3155,0,0,1459
3156,0,1,1377
3157,0,2,1237
3158,0,3,1129
3159,0,4,1052
3160,1,0,1005
3161,1,1,1078
3162,1,2,1165
3163,1,3,1108
3164,1,4,958
3165,2,0,1414
3166,2,1,1173
3167,2,2,1152
3168,2,3,1045
3169,2,4,967
3170,3,0,1537
3171,3,1,1427
3172,3,2,1406
3173,3,3,1298
3174,3,4,1131
3175,4,0,1239
3176,4,1,1312
3177,4,2,1334
3178,4,3,1181
3179,4,4,1013
3180,0,0,1358
3181,0,1,1335
3182,0,2,1392
3183,0,3,1367
3184,0,4,1588
3185,1,0,1695
3186,1,1,1594
3187,1,2,1761
3188,1,3,1704
3189,1,4,1611
3190,2,0,1273
3191,2,1,1250
3192,2,2,1339
3193,2,3,1282
3194,2,4,1504
3195,3,0,1373
3196,3,1,834
3197,3,2,1376
3198,3,3,1141
3199,3,4,633
3200,4,0,1350
3201,4,1,1099
3202,4,2,1415
3203,4,3,1358
3204,4,4,1115
3205,0,0,1808
3206,0,1,1921
3207,0,2,1902
3208,0,3,1384
3209,0,4,1406
3210,1,0,1289
3211,1,1,1326
3212,1,2,1189
3213,1,3,1721
3214,1,4,1660
3215,2,0,1723
3216,2,1,1838
3217,2,2,1818
3218,2,3,1299
3219,2,4,1322
3220,3,0,373
3221,3,1,483
3222,3,2,485
3223,3,3,1116
3224,3,4,900
3225,4,0,1158
3226,4,1,1221
3227,4,2,1084
3228,4,3,1381
3229,4,4,1164
3230,0,0,869
3231,0,1,920
3232,0,2,892
3233,0,3,1524
3234,0,4,1387
3235,1,0,1296
3236,1,1,1347
3237,1,2,1717
3238,1,3,2338
3239,1,4,1080
3240,2,0,775
3241,2,1,826
3242,2,2,740
3243,2,3,1361
3244,2,4,1341
3245,3,0,1295
3246,3,1,1346
3247,3,2,1752
3248,3,3,2373
3249,3,4,1479
3250,4,0,1218
3251,4,1,1268
3252,4,2,1675
3253,4,3,2296
3254,4,4,1313
3255,0,0,789
3256,0,1,738
3257,0,2,837
3258,0,3,838
3259,0,4,777
3260,1,0,1460
3261,1,1,1423
3262,1,2,1474
3263,1,3,1554
3264,1,4,1639
3265,2,0,694
3266,2,1,706
3267,2,2,646
3268,2,3,642
3269,2,4,663
3270,3,0,1469
3271,3,1,1459
3272,3,2,1509
3273,3,3,1589
3274,3,4,1674
3275,4,0,1392
3276,4,1,1382
3277,4,2,1432
3278,4,3,1512
3279,4,4,1597
3280,0,0,815
3281,0,1,2093
3282,0,2,1278
3283,0,3,1262
3284,0,4,1320
3285,1,0,1735
3286,1,1,2430
3287,1,2,1580
3288,1,3,1623
3289,1,4,1835
3290,2,0,759
3291,2,1,2008
3292,2,2,1193
3293,2,3,1203
3294,2,4,1226
3295,3,0,1770
3296,3,1,1545
3297,3,2,1328
3298,3,3,1473
3299,3,4,1276
3300,4,0,1693
3301,4,1,2085
3302,4,2,1251
3303,4,3,1420
3304,4,4,1489
3305,0,0,1456
3306,0,1,1364
3307,0,2,1609
3308,0,3,1823
3309,0,4,1866
3310,1,0,1885
3311,1,1,1788
3312,1,2,1946
3313,1,3,2161
3314,1,4,2202
3315,2,0,1362
3316,2,1,1270
3317,2,2,1524
3318,2,3,1739
3319,2,4,1781
3320,3,0,1299
3321,3,1,1229
3322,3,2,1402
3323,3,3,1617
3324,3,4,1477
3325,4,0,1539
3326,4,1,1442
3327,4,2,1600
3328,4,3,1815
3329,4,4,1857
3330,0,0,1948
3331,0,1,2040
3332,0,2,2210
3333,0,3,2277
3334,0,4,2197
3335,1,0,2227
3336,1,1,2252
3337,1,2,2449
3338,1,3,2614
3339,1,4,2523
3340,2,0,1863
3341,2,1,1956
3342,2,2,2125
3343,2,3,2193
3344,2,4,2113
3345,3,0,1382
3346,3,1,1407
3347,3,2,1604
3348,3,3,1729
3349,3,4,1679
3350,4,0,1939
3351,4,1,2032
3352,4,2,2202
3353,4,3,2269
3354,4,4,2189
3355,0,0,1524
3356,1,0,1785
3357,2,0,1439
3358,3,0,725
3359,4,0,1289
3360,0,0,481
3361,0,1,614
3362,0,2,2157
3363,0,3,1101
3364,0,4,1306
3365,1,0,1932
3366,1,1,1756
3367,1,2,839
3368,1,3,1352
3369,1,4,888
3370,2,0,2428
3371,2,1,2263
3372,2,2,1880
3373,2,3,1797
3374,2,4,1358
3375,3,0,2386
3376,3,1,2221
3377,3,2,1521
3378,3,3,1755
3379,3,4,1316
3380,4,0,3138
3381,4,1,2877
3382,4,2,2840
3383,4,3,2492
3384,4,4,2321
3385,0,0,1134
3386,0,1,1201
3387,0,2,1085
3388,0,3,1425
3389,0,4,1141
3390,1,0,1200
3391,1,1,1207
3392,1,2,1101
3393,1,3,1126
3394,1,4,1271
3395,2,0,1691
3396,2,1,1850
3397,2,2,1545
3398,2,3,2157
3399,2,4,1913
3400,3,0,1648
3401,3,1,1807
3402,3,2,1503
3403,3,3,2115
3404,3,4,1871
3405,4,0,2654
3406,4,1,2812
3407,4,2,2508
3408,4,3,3120
3409,4,4,2876
3410,0,0,1455
3411,0,1,1965
3412,0,2,1863
3413,0,3,2174
3414,0,4,2205
3415,1,0,896
3416,1,1,470
3417,1,2,345
3418,1,3,856
3419,1,4,886
3420,2,0,1216
3421,2,1,1742
3422,2,2,1678
3423,2,3,1882
3424,2,4,1837
3425,3,0,1174
3426,3,1,1654
3427,3,2,1590
3428,3,3,1608
3429,3,4,1478
3430,4,0,2179
3431,4,1,2705
3432,4,2,2641
3433,4,3,2927
3434,4,4,2797
3435,0,0,2191
3436,0,1,2081
3437,0,2,2060
3438,0,3,1954
3439,0,4,1790
3440,1,0,963
3441,1,1,791
3442,1,2,676
3443,1,3,564
3444,1,4,273
3445,2,0,1978
3446,2,1,1868
3447,2,2,1847
3448,2,3,1740
3449,2,4,1662
3450,3,0,1572
3451,3,1,1648
3452,3,2,1733
3453,3,3,1652
3454,3,4,1574
3455,4,0,2891
3456,4,1,2831
3457,4,2,2810
3458,4,3,2702
3459,4,4,2625
3460,0,0,917
3461,0,1,1046
3462,0,2,896
3463,0,3,932
3464,0,4,1315
3465,1,0,1268
3466,1,1,1222
3467,1,2,1333
3468,1,3,1276
3469,1,4,1238
3470,2,0,1712
3471,2,1,1715
3472,2,2,1777
3473,2,3,1721
3474,2,4,1968
3475,3,0,1670
3476,3,1,1673
3477,3,2,1735
3478,3,3,1679
3479,3,4,1926
3480,4,0,2450
3481,4,1,2678
3482,4,2,2358
3483,4,3,2478
3484,4,4,2931
3485,0,0,1293
3486,0,1,1420
3487,0,2,1298
3488,0,3,926
3489,0,4,1012
3490,1,0,1281
3491,1,1,1396
3492,1,2,1376
3493,1,3,1294
3494,1,4,1287
3495,2,0,2188
3496,2,1,2302
3497,2,2,2283
3498,2,3,1738
3499,2,4,1787
3500,3,0,2146
3501,3,1,2260
3502,3,2,2241
3503,3,3,1696
3504,3,4,1745
3505,4,0,3151
3506,4,1,3265
3507,4,2,3246
3508,4,3,2471
3509,4,4,2558
3510,0,0,1321
3511,0,1,1347
3512,0,2,1778
3513,0,3,2399
3514,0,4,2133
3515,1,0,869
3516,1,1,920
3517,1,2,1107
3518,1,3,1728
3519,1,4,886
3520,2,0,1264
3521,2,1,1315
3522,2,2,784
3523,2,3,675
3524,2,4,1920
3525,3,0,1222
3526,3,1,1273
3527,3,2,742
3528,3,3,942
3529,3,4,1655
3530,4,0,2227
3531,4,1,2159
3532,4,2,1788
3533,4,3,1220
3534,4,4,2883
3535,0,0,1495
3536,0,1,1485
3537,0,2,1535
3538,0,3,1615
3539,0,4,1700
3540,1,0,850
3541,1,1,813
3542,1,2,864
3543,1,3,944
3544,1,4,1029
3545,2,0,1115
3546,2,1,984
3547,2,2,981
3548,2,3,1005
3549,2,4,895
3550,3,0,1073
3551,3,1,942
3552,3,2,939
3553,3,3,963
3554,3,4,852
3555,4,0,2078
3556,4,1,1947
3557,4,2,1944
3558,4,3,1968
3559,4,4,1858
3560,0,0,1796
3561,0,1,910
3562,0,2,1174
3563,0,3,1166
3564,0,4,888
3565,1,0,1125
3566,1,1,2002
3567,1,2,1152
3568,1,3,1195
3569,1,4,1395
3570,2,0,829
3571,2,1,2447
3572,2,2,1632
3573,2,3,1656
3574,2,4,1715
3575,3,0,787
3576,3,1,2397
3577,3,2,1590
3578,3,3,1614
3579,3,4,1673
3580,4,0,1792
3581,4,1,2876
3582,4,2,2595
3583,4,3,2488
3584,4,4,2285
3585,0,0,839
3586,0,1,904
3587,0,2,726
3588,0,3,587
3589,0,4,612
3590,1,0,1458
3591,1,1,1360
3592,1,2,1519
3593,1,3,1733
3594,1,4,1775
3595,2,0,1852
3596,2,1,1760
3597,2,2,1963
3598,2,3,2178
3599,2,4,2220
3600,3,0,1810
3601,3,1,1717
3602,3,2,1921
3603,3,3,2136
3604,3,4,2178
3605,4,0,2422
3606,4,1,2330
3607,4,2,2566
3608,4,3,2860
3609,4,4,2749
3610,0,0,744
3611,0,1,865
3612,0,2,1062
3613,0,3,1095
3614,0,4,1015
3615,1,0,1857
3616,1,1,1950
3617,1,2,2120
3618,1,3,2186
3619,1,4,2107
3620,2,0,2199
3621,2,1,2310
3622,2,2,2507
3623,2,3,2631
3624,2,4,2552
3625,3,0,2142
3626,3,1,2254
3627,3,2,2451
3628,3,3,2582
3629,3,4,2502
3630,4,0,2621
3631,4,1,2733
3632,4,2,2930
3633,4,3,3061
3634,4,4,2981
3635,0,0,1085
3636,1,0,1412
3637,2,0,1904
3638,3,0,1862
3639,4,0,2867
3640,0,0,2188
3641,0,1,2370
3642,0,2,637
3643,0,3,2101
3644,0,4,1637
3645,1,0,2141
3646,1,1,2052
3647,1,2,1053
3648,1,3,1619
3649,1,4,1157
3650,2,0,1322
3651,2,1,1504
3652,2,2,1377
3653,2,3,1426
3654,2,4,1180
3655,3,0,1474
3656,3,1,1656
3657,3,2,868
3658,3,3,1475
3659,3,4,1212
3660,4,0,927
3661,4,1,1122
3662,4,2,2286
3663,4,3,1230
3664,4,4,1435
3665,0,0,1881
3666,0,1,1888
3667,0,2,1850
3668,0,3,1731
3669,0,4,1952
3670,1,0,1486
3671,1,1,1645
3672,1,2,1367
3673,1,3,1700
3674,1,4,1709
3675,2,0,1106
3676,2,1,1113
3677,2,2,1174
3678,2,3,977
3679,2,4,1177
3680,3,0,1118
3681,3,1,1125
3682,3,2,1223
3683,3,3,1017
3684,3,4,1189
3685,4,0,1276
3686,4,1,1343
3687,4,2,1214
3688,4,3,1567
3689,4,4,1283
3690,0,0,1635
3691,0,1,1011
3692,0,2,1038
3693,0,3,484
3694,0,4,594
3695,1,0,1106
3696,1,1,982
3697,1,2,931
3698,1,3,1123
3699,1,4,1094
3700,2,0,1473
3701,2,1,1184
3702,2,2,1078
3703,2,3,1236
3704,2,4,1322
3705,3,0,1403
3706,3,1,987
3707,3,2,840
3708,3,3,727
3709,3,4,813
3710,4,0,1584
3711,4,1,2094
3712,4,2,1992
3713,4,3,2304
3714,4,4,2334
3715,0,0,688
3716,0,1,857
3717,0,2,969
3718,0,3,1074
3719,0,4,1081
3720,1,0,1003
3721,1,1,920
3722,1,2,961
3723,1,3,931
3724,1,4,958
3725,2,0,1389
3726,2,1,1301
3727,2,2,1280
3728,2,3,1173
3729,2,4,1005
3730,3,0,881
3731,3,1,953
3732,3,2,1081
3733,3,3,1005
3734,3,4,855
3735,4,0,2320
3736,4,1,2210
3737,4,2,2189
3738,4,3,2084
3739,4,4,1919
3740,0,0,2017
3741,0,1,1902
3742,0,2,2082
3743,0,3,2025
3744,0,4,1919
3745,1,0,1535
3746,1,1,1510
3747,1,2,1600
3748,1,3,1543
3749,1,4,1765
3750,2,0,1342
3751,2,1,1127
3752,2,2,1407
3753,2,3,1350
3754,2,4,1144
3755,3,0,1390
3756,3,1,1139
3757,3,2,1455
3758,3,3,1399
3759,3,4,1156
3760,4,0,1046
3761,4,1,1176
3762,4,2,1026
3763,4,3,1062
3764,4,4,1457
3765,0,0,1589
3766,0,1,1626
3767,0,2,1489
3768,0,3,2043
3769,0,4,1968
3770,1,0,1856
3771,1,1,1970
3772,1,2,1951
3773,1,3,1561
3774,1,4,1583
3775,2,0,724
3776,2,1,782
3777,2,2,623
3778,2,3,1409
3779,2,4,1193
3780,3,0,875
3781,3,1,912
3782,3,2,775
3783,3,3,1421
3784,3,4,1205
3785,4,0,1435
3786,4,1,1563
3787,4,2,1440
3788,4,3,1055
3789,4,4,1142
3790,0,0,1618
3791,0,1,1669
3792,0,2,1846
3793,0,3,2192
3794,0,4,771
3795,1,0,1138
3796,1,1,1189
3797,1,2,1408
3798,1,3,1707
3799,1,4,930
3800,2,0,1209
3801,2,1,1260
3802,2,2,1667
3803,2,3,2288
3804,2,4,1354
3805,3,0,1194
3806,3,1,1244
3807,3,2,1614
3808,3,3,2264
3809,3,4,955
3810,4,0,1450
3811,4,1,1476
3812,4,2,1908
3813,4,3,2529
3814,4,4,2263
3815,0,0,1589
3816,0,1,1552
3817,0,2,1603
3818,0,3,1683
3819,0,4,1768
3820,1,0,1060
3821,1,1,1023
3822,1,2,1074
3823,1,3,1153
3824,1,4,1293
3825,2,0,1384
3826,2,1,1373
3827,2,2,1424
3828,2,3,1504
3829,2,4,1589
3830,3,0,1357
3831,3,1,1320
3832,3,2,1371
3833,3,3,1451
3834,3,4,1536
3835,4,0,1624
3836,4,1,1614
3837,4,2,1665
3838,4,3,1744
3839,4,4,1830
3840,0,0,1864
3841,0,1,2689
3842,0,2,1901
3843,0,3,1944
3844,0,4,2134
3845,1,0,1331
3846,1,1,2270
3847,1,2,1454
3848,1,3,1464
3849,1,4,1605
3850,2,0,1685
3851,2,1,1824
3852,2,2,1243
3853,2,3,1412
3854,2,4,1569
3855,3,0,1632
3856,3,1,1975
3857,3,2,1291
3858,3,3,1461
3859,3,4,1530
3860,4,0,1925
3861,4,1,628
3862,4,2,1303
3863,4,3,1295
3864,4,4,1017
3865,0,0,2206
3866,0,1,2109
3867,0,2,2267
3868,0,3,2482
3869,0,4,2524
3870,1,0,1725
3871,1,1,1627
3872,1,2,1785
3873,1,3,2000
3874,1,4,2042
3875,2,0,1591
3876,2,1,1522
3877,2,2,1592
3878,2,3,1807
3879,2,4,1756
3880,3,0,1580
3881,3,1,1483
3882,3,2,1641
3883,3,3,1856
3884,3,4,1908
3885,4,0,922
3886,4,1,970
3887,4,2,928
3888,4,3,770
3889,4,4,639
3890,0,0,2527
3891,0,1,2552
3892,0,2,2749
3893,0,3,2873
3894,0,4,2824
3895,1,0,2124
3896,1,1,2217
3897,1,2,2387
3898,1,3,2453
3899,1,4,2374
3900,2,0,1662
3901,2,1,1686
3902,2,2,1884
3903,2,3,2008
3904,2,4,1958
3905,3,0,1813
3906,3,1,1838
3907,3,2,2035
3908,3,3,2159
3909,3,4,2109
3910,4,0,551
3911,4,1,461
3912,4,2,658
3913,4,3,806
3914,4,4,732
3915,0,0,2093
3916,1,0,1700
3917,2,0,1318
3918,3,0,1330
3919,4,0,1227
3920,0,0,1312
3921,0,1,1506
3922,0,2,2603
3923,0,3,1547
3924,0,4,1751
3925,1,0,1467
3926,1,1,1662
3927,1,2,2758
3928,1,3,1702
3929,1,4,1906
3930,2,0,1398
3931,2,1,1580
3932,2,2,1294
3933,2,3,1658
3934,2,4,1412
3935,3,0,2191
3936,3,1,2069
3937,3,2,1235
3938,3,3,1559
3939,3,4,1120
3940,4,0,2084
3941,4,1,2215
3942,4,2,1359
3943,4,3,2016
3944,4,4,1681
3945,0,0,1680
3946,0,1,1728
3947,0,2,1531
3948,0,3,2015
3949,0,4,1668
3950,1,0,1835
3951,1,1,1884
3952,1,2,1686
3953,1,3,2170
3954,1,4,1823
3955,2,0,1301
3956,2,1,1283
3957,2,2,1406
3958,2,3,941
3959,2,4,1381
3960,3,0,1453
3961,3,1,1612
3962,3,2,1307
3963,3,3,1980
3964,3,4,1676
3965,4,0,1660
3966,4,1,1667
3967,4,2,1765
3968,4,3,1585
3969,4,4,1730
3970,0,0,1901
3971,0,1,2411
3972,0,2,2309
3973,0,3,2620
3974,0,4,2650
3975,1,0,2056
3976,1,1,2566
3977,1,2,2464
3978,1,3,2775
3979,1,4,2805
3980,2,0,1704
3981,2,1,1413
3982,2,2,1266
3983,2,3,1153
3984,2,4,1239
3985,3,0,978
3986,3,1,1418
3987,3,2,1354
3988,3,3,1237
3989,3,4,1192
3990,4,0,1872
3991,4,1,1456
3992,4,2,1309
3993,4,3,1218
3994,4,4,1304
3995,0,0,2637
3996,0,1,2527
3997,0,2,2506
3998,0,3,2400
3999,0,4,2236
4000,1,0,2792
4001,1,1,2682
4002,1,2,2661
4003,1,3,2555
4004,1,4,2390
4005,2,0,1306
4006,2,1,1379
4007,2,2,1507
4008,2,3,1404
4009,2,4,1237
4010,3,0,1286
4011,3,1,1362
4012,3,2,1447
4013,3,3,1416
4014,3,4,1338
4015,4,0,1371
4016,4,1,1444
4017,4,2,1531
4018,4,3,1473
4019,4,4,1324
4020,0,0,1362
4021,0,1,1492
4022,0,2,1342
4023,0,3,1378
4024,0,4,1826
4025,1,0,1518
4026,1,1,1647
4027,1,2,1497
4028,1,3,1533
4029,1,4,1981
4030,2,0,1573
4031,2,1,1322
4032,2,2,1638
4033,2,3,1582
4034,2,4,1136
4035,3,0,1475
4036,3,1,1477
4037,3,2,1549
4038,3,3,1483
4039,3,4,1731
4040,4,0,1932
4041,4,1,1681
4042,4,2,1997
4043,4,3,1940
4044,4,4,1697
4045,0,0,1820
4046,0,1,1947
4047,0,2,1825
4048,0,3,1372
4049,0,4,1458
4050,1,0,1975
4051,1,1,2103
4052,1,2,1980
4053,1,3,1527
4054,1,4,1613
4055,2,0,799
4056,2,1,836
4057,2,2,699
4058,2,3,1604
4059,2,4,1388
4060,3,0,1951
4061,3,1,2065
4062,3,2,2045
4063,3,3,1501
4064,3,4,1550
4065,4,0,1486
4066,4,1,1523
4067,4,2,1386
4068,4,3,1963
4069,4,4,1746
4070,0,0,1766
4071,0,1,1793
4072,0,2,2224
4073,0,3,2745
4074,0,4,2579
4075,1,0,1922
4076,1,1,1948
4077,1,2,2379
4078,1,3,3000
4079,1,4,2734
4080,2,0,1441
4081,2,1,1492
4082,2,2,1899
4083,2,3,2520
4084,2,4,1381
4085,3,0,1026
4086,3,1,1077
4087,3,2,879
4088,3,3,1079
4089,3,4,1369
4090,4,0,1662
4091,4,1,1713
4092,4,2,2083
4093,4,3,2704
4094,4,4,1445
4095,0,0,1941
4096,0,1,1930
4097,0,2,1981
4098,0,3,2061
4099,0,4,2146
4100,1,0,2096
4101,1,1,2086
4102,1,2,2136
4103,1,3,2216
4104,1,4,2301
4105,2,0,1616
4106,2,1,1605
4107,2,2,1656
4108,2,3,1735
4109,2,4,1821
4110,3,0,946
4111,3,1,895
4112,3,2,946
4113,3,3,1035
4114,3,4,989
4115,4,0,1826
4116,4,1,1789
4117,4,2,1840
4118,4,3,1920
4119,4,4,2005
4120,0,0,2242
4121,0,1,379
4122,0,2,1619
4123,0,3,1612
4124,0,4,1333
4125,1,0,2397
4126,1,1,696
4127,1,2,1774
4128,1,3,1767
4129,1,4,1488
4130,2,0,1916
4131,2,1,1899
4132,2,2,1474
4133,2,3,1644
4134,2,4,1713
4135,3,0,924
4136,3,1,2209
4137,3,2,1394
4138,3,3,1419
4139,3,4,1477
4140,4,0,2101
4141,4,1,2586
4142,4,2,1833
4143,4,3,1988
4144,4,4,2072
4145,0,0,1239
4146,0,1,1286
4147,0,2,1245
4148,0,3,968
4149,0,4,857
4150,1,0,1394
4151,1,1,1441
4152,1,2,1400
4153,1,3,1242
4154,1,4,1110
4155,2,0,1763
4156,2,1,1666
4157,2,2,1824
4158,2,3,1963
4159,2,4,1832
4160,3,0,1613
4161,3,1,1521
4162,3,2,1725
4163,3,3,1940
4164,3,4,1982
4165,4,0,2122
4166,4,1,2024
4167,4,2,2183
4168,4,3,2397
4169,4,4,2439
4170,0,0,723
4171,0,1,517
4172,0,2,458
4173,0,3,428
4174,0,4,338
4175,1,0,1084
4176,1,1,878
4177,1,2,818
4178,1,3,497
4179,1,4,599
4180,2,0,1737
4181,2,1,1762
4182,2,2,1959
4183,2,3,2083
4184,2,4,2034
4185,3,0,2064
4186,3,1,2157
4187,3,2,2327
4188,3,3,2394
4189,3,4,2314
4190,4,0,2424
4191,4,1,2449
4192,4,2,2646
4193,4,3,2770
4194,4,4,2720
4195,0,0,1612
4196,1,0,1767
4197,2,0,1311
4198,3,0,1666
4199,4,0,1871
4200,0,0,1662
4201,0,1,1844
4202,0,2,1470
4203,0,3,1736
4204,0,4,1491
4205,1,0,2101
4206,1,1,2283
4207,1,2,615
4208,1,3,2056
4209,1,4,1592
4210,2,0,1888
4211,2,1,2070
4212,2,2,993
4213,2,3,1780
4214,2,4,1315
4215,3,0,978
4216,3,1,1160
4217,3,2,1735
4218,3,3,1595
4219,3,4,1353
4220,4,0,475
4221,4,1,620
4222,4,2,2226
4223,4,3,1170
4224,4,4,1374
4225,0,0,1380
4226,0,1,1387
4227,0,2,1485
4228,0,3,1205
4229,0,4,1451
4230,1,0,1827
4231,1,1,1834
4232,1,2,1805
4233,1,3,1644
4234,1,4,1898
4235,2,0,1573
4236,2,1,1580
4237,2,2,1528
4238,2,3,1498
4239,2,4,1644
4240,3,0,940
4241,3,1,1005
4242,3,2,1343
4243,3,3,663
4244,3,4,1032
4245,4,0,1260
4246,4,1,1327
4247,4,2,1153
4248,4,3,1551
4249,4,4,1380
4250,0,0,1783
4251,0,1,1494
4252,0,2,1441
4253,0,3,1328
4254,0,4,1415
4255,1,0,1581
4256,1,1,721
4257,1,2,825
4258,1,3,529
4259,1,4,572
4260,2,0,1506
4261,2,1,1090
4262,2,2,943
4263,2,3,852
4264,2,4,938
4265,3,0,1646
4266,3,1,1725
4267,3,2,1620
4268,3,3,1594
4269,3,4,1680
4270,4,0,1522
4271,4,1,2034
4272,4,2,1932
4273,4,3,2243
4274,4,4,2273
4275,0,0,1482
4276,0,1,1555
4277,0,2,1682
4278,0,3,1483
4279,0,4,1316
4280,1,0,580
4281,1,1,596
4282,1,2,631
4283,1,3,685
4284,1,4,906
4285,2,0,1005
4286,2,1,1078
4287,2,2,1165
4288,2,3,1108
4289,2,4,958
4290,3,0,1747
4291,3,1,1820
4292,3,2,1822
4293,3,3,1714
4294,3,4,1547
4295,4,0,2260
4296,4,1,2150
4297,4,2,2129
4298,4,3,2023
4299,4,4,1858
4300,0,0,1652
4301,0,1,1401
4302,0,2,1717
4303,0,3,1660
4304,0,4,1400
4305,1,0,1972
4306,1,1,1848
4307,1,2,2038
4308,1,3,1981
4309,1,4,1865
4310,2,0,1695
4311,2,1,1594
4312,2,2,1760
4313,2,3,1704
4314,2,4,1611
4315,3,0,1481
4316,3,1,935
4317,3,2,1484
4318,3,3,1248
4319,3,4,858
4320,4,0,983
4321,4,1,1113
4322,4,2,963
4323,4,3,1071
4324,4,4,1441
4325,0,0,1063
4326,0,1,1100
4327,0,2,963
4328,0,3,1683
4329,0,4,1467
4330,1,0,1502
4331,1,1,1539
4332,1,2,1402
4333,1,3,1998
4334,1,4,1914
4335,2,0,1289
4336,2,1,1326
4337,2,2,1189
4338,2,3,1721
4339,2,4,1660
4340,3,0,531
4341,3,1,658
4342,3,2,600
4343,3,3,1224
4344,3,4,1007
4345,4,0,1418
4346,4,1,1546
4347,4,2,1423
4348,4,3,1038
4349,4,4,1214
4350,0,0,1520
4351,0,1,1571
4352,0,2,1978
4353,0,3,2599
4354,0,4,1556
4355,1,0,1574
4356,1,1,1624
4357,1,2,1792
4358,1,3,2289
4359,1,4,538
4360,2,0,1296
4361,2,1,1347
4362,2,2,1717
4363,2,3,2338
4364,2,4,1080
4365,3,0,1383
4366,3,1,1433
4367,3,2,1840
4368,3,3,2461
4369,3,4,1822
4370,4,0,1389
4371,4,1,1440
4372,4,2,1847
4373,4,3,2468
4374,4,4,2202
4375,0,0,1694
4376,0,1,1684
4377,0,2,1735
4378,0,3,1814
4379,0,4,1900
4380,1,0,1535
4381,1,1,1498
4382,1,2,1549
4383,1,3,1629
4384,1,4,1714
4385,2,0,1460
4386,2,1,1423
4387,2,2,1474
4388,2,3,1554
4389,2,4,1639
4390,3,0,1557
4391,3,1,1547
4392,3,2,1597
4393,3,3,1677
4394,3,4,1762
4395,4,0,1564
4396,4,1,1553
4397,4,2,1604
4398,4,3,1684
4399,4,4,1769
4400,0,0,1995
4401,0,1,2163
4402,0,2,1553
4403,0,3,1723
4404,0,4,1792
4405,1,0,1810
4406,1,1,2602
4407,1,2,1857
4408,1,3,1900
4409,1,4,2080
4410,2,0,1735
4411,2,1,2430
4412,2,2,1580
4413,2,3,1623
4414,2,4,1835
4415,3,0,1858
4416,3,1,1479
4417,3,2,1416
4418,3,3,1561
4419,3,4,1384
4420,4,0,1865
4421,4,1,1164
4422,4,2,1242
4423,4,3,1234
4424,4,4,954
4425,0,0,1842
4426,0,1,1744
4427,0,2,1903
4428,0,3,2118
4429,0,4,2096
4430,1,0,2162
4431,1,1,2065
4432,1,2,2223
4433,1,3,2438
4434,1,4,2479
4435,2,0,1885
4436,2,1,1788
4437,2,2,1946
4438,2,3,2161
4439,2,4,2203
4440,3,0,1406
4441,3,1,1336
4442,3,2,1510
4443,3,3,1543
4444,3,4,1411
4445,4,0,906
4446,4,1,970
4447,4,2,792
4448,4,3,841
4449,4,4,865
4450,0,0,2001
4451,0,1,2026
4452,0,2,2223
4453,0,3,2347
4454,0,4,2297
4455,1,0,2440
4456,1,1,2465
4457,1,2,2662
4458,1,3,2786
4459,1,4,2737
4460,2,0,2227
4461,2,1,2252
4462,2,2,2449
4463,2,3,2614
4464,2,4,2523
4465,3,0,1317
4466,3,1,1342
4467,3,2,1539
4468,3,3,1663
4469,3,4,1613
4470,4,0,998
4471,4,1,1052
4472,4,2,1250
4473,4,3,1348
4474,4,4,1269
4475,0,0,1575
4476,1,0,2039
4477,2,0,1785
4478,3,0,891
4479,4,0,1271
4480,0,0,1401
4481,0,1,1547
4482,0,2,1651
4483,0,3,1655
4484,0,4,1443
4485,1,0,1711
4486,1,1,1893
4487,1,2,1254
4488,1,3,1745
4489,1,4,1499
4490,2,0,2121
4491,2,1,2033
4492,2,2,1132
4493,2,3,1600
4494,2,4,1137
4495,3,0,2202
4496,3,1,2384
4497,3,2,1308
4498,3,3,2094
4499,3,4,1630
4500,4,0,2055
4501,4,1,2237
4502,4,2,1160
4503,4,3,1947
4504,4,4,1482
4505,0,0,991
4506,0,1,998
4507,0,2,1432
4508,0,3,666
4509,0,4,1062
4510,1,0,1388
4511,1,1,1395
4512,1,2,1493
4513,1,3,1254
4514,1,4,1459
4515,2,0,1468
4516,2,1,1627
4517,2,2,1348
4518,2,3,1851
4519,2,4,1690
4520,3,0,1888
4521,3,1,1895
4522,3,2,1843
4523,3,3,1813
4524,3,4,1958
4525,4,0,1740
4526,4,1,1747
4527,4,2,1695
4528,4,3,1665
4529,4,4,1811
4530,0,0,1735
4531,0,1,1487
4532,0,2,1382
4533,0,3,1510
4534,0,4,1596
4535,1,0,1789
4536,1,1,1373
4537,1,2,1226
4538,1,3,1113
4539,1,4,1199
4540,2,0,1087
4541,2,1,1289
4542,2,2,1225
4543,2,3,1134
4544,2,4,1089
4545,3,0,1821
4546,3,1,1405
4547,3,2,1257
4548,3,3,1166
4549,3,4,1252
4550,4,0,1673
4551,4,1,1257
4552,4,2,1110
4553,4,3,1019
4554,4,4,1105
4555,0,0,1663
4556,0,1,1605
4557,0,2,1584
4558,0,3,1476
4559,0,4,1308
4560,1,0,1266
4561,1,1,1339
4562,1,2,1466
4563,1,3,1390
4564,1,4,1241
4565,2,0,1183
4566,2,1,1259
4567,2,2,1344
4568,2,3,1287
4569,2,4,1209
4570,3,0,1320
4571,3,1,1392
4572,3,2,1479
4573,3,3,1422
4574,3,4,1273
4575,4,0,1172
4576,4,1,1245
4577,4,2,1332
4578,4,3,1275
4579,4,4,1125
4580,0,0,1551
4581,0,1,1012
4582,0,2,1554
4583,0,3,1318
4584,0,4,920
4585,1,0,1661
4586,1,1,1410
4587,1,2,1726
4588,1,3,1669
4589,1,4,1426
4590,2,0,1516
4591,2,1,1491
4592,2,2,1580
4593,2,3,1524
4594,2,4,1745
4595,3,0,2010
4596,3,1,1909
4597,3,2,2075
4598,3,3,2018
4599,3,4,1925
4600,4,0,1863
4601,4,1,1761
4602,4,2,1927
4603,4,3,1871
4604,4,4,1778
4605,0,0,582
4606,0,1,496
4607,0,2,465
4608,0,3,1294
4609,0,4,1078
4610,1,0,1112
4611,1,1,1149
4612,1,2,1012
4613,1,3,1692
4614,1,4,1475
4615,2,0,1965
4616,2,1,2079
4617,2,2,2060
4618,2,3,1541
4619,2,4,1564
4620,3,0,1603
4621,3,1,1640
4622,3,2,1503
4623,3,3,2036
4624,3,4,1974
4625,4,0,1456
4626,4,1,1493
4627,4,2,1356
4628,4,3,1888
4629,4,4,1827
4630,0,0,1472
4631,0,1,1523
4632,0,2,1930
4633,0,3,2551
4634,0,4,1657
4635,1,0,1529
4636,1,1,1579
4637,1,2,1986
4638,1,3,2607
4639,1,4,1340
4640,2,0,1119
4641,2,1,1169
4642,2,2,1040
4643,2,3,1240
4644,2,4,1266
4645,3,0,1611
4646,3,1,1662
4647,3,2,2032
4648,3,3,2653
4649,3,4,1394
4650,4,0,1463
4651,4,1,1514
4652,4,2,1884
4653,4,3,2505
4654,4,4,1247
4655,0,0,1647
4656,0,1,1636
4657,0,2,1687
4658,0,3,1767
4659,0,4,1852
4660,1,0,1703
4661,1,1,1692
4662,1,2,1743
4663,1,3,1823
4664,1,4,1908
4665,2,0,1040
4666,2,1,1004
4667,2,2,1054
4668,2,3,1134
4669,2,4,1150
4670,3,0,1774
4671,3,1,1738
4672,3,2,1789
4673,3,3,1868
4674,3,4,1954
4675,4,0,1627
4676,4,1,1590
4677,4,2,1641
4678,4,3,1721
4679,4,4,1806
4680,0,0,1948
4681,0,1,1902
4682,0,2,1506
4683,0,3,1651
4684,0,4,1454
4685,1,0,2004
4686,1,1,2212
4687,1,2,1562
4688,1,3,1731
4689,1,4,1800
4690,2,0,1085
4691,2,1,2250
4692,2,2,1435
4693,2,3,1445
4694,2,4,1585
4695,3,0,2049
4696,3,1,2745
4697,3,2,1894
4698,3,3,1937
4699,3,4,2149
4700,4,0,1902
4701,4,1,2597
4702,4,2,1747
4703,4,3,1790
4704,4,4,2002
4705,0,0,1476
4706,0,1,1406
4707,0,2,1580
4708,0,3,1794
4709,0,4,1836
4710,1,0,1850
4711,1,1,1753
4712,1,2,1911
4713,1,3,2126
4714,1,4,2144
4715,2,0,1705
4716,2,1,1608
4717,2,2,1766
4718,2,3,1981
4719,2,4,2022
4720,3,0,2199
4721,3,1,2102
4722,3,2,2261
4723,3,3,2476
4724,3,4,2517
4725,4,0,2052
4726,4,1,1954
4727,4,2,2113
4728,4,3,2328
4729,4,4,2370
4730,0,0,1740
4731,0,1,1765
4732,0,2,1962
4733,0,3,2086
4734,0,4,2036
4735,1,0,2050
4736,1,1,2075
4737,1,2,2272
4738,1,3,2396
4739,1,4,2346
4740,2,0,2105
4741,2,1,2197
4742,2,2,2368
4743,2,3,2434
4744,2,4,2355
4745,3,0,2541
4746,3,1,2566
4747,3,2,2763
4748,3,3,2929
4749,3,4,2838
4750,4,0,2394
4751,4,1,2419
4752,4,2,2616
4753,4,3,2781
4754,4,4,2690
4755,0,0,1202
4756,1,0,1624
4757,2,0,1681
4758,3,0,2099
4759,4,0,1952
4760,0,0,2527
4761,0,1,2362
4762,0,2,1719
4763,0,3,1895
4764,0,4,1456
4765,1,0,865
4766,1,1,1060
4767,1,2,2156
4768,1,3,1100
4769,1,4,1304
4770,2,0,1535
4771,2,1,1729
4772,2,2,2826
4773,2,3,1770
4774,2,4,1974
4775,3,0,2552
4776,3,1,2596
4777,3,2,909
4778,3,3,2164
4779,3,4,1702
4780,4,0,2601
4781,4,1,2467
4782,4,2,1731
4783,4,3,1969
4784,4,4,1530
4785,0,0,1789
4786,0,1,1948
4787,0,2,1643
4788,0,3,2256
4789,0,4,2012
4790,1,0,1233
4791,1,1,1282
4792,1,2,1084
4793,1,3,1568
4794,1,4,1221
4795,2,0,1903
4796,2,1,1951
4797,2,2,1753
4798,2,3,2238
4799,2,4,1891
4800,3,0,2032
4801,3,1,2047
4802,3,2,1913
4803,3,3,1965
4804,3,4,2110
4805,4,0,1863
4806,4,1,2022
4807,4,2,1717
4808,4,3,2347
4809,4,4,2086
4810,0,0,1315
4811,0,1,1774
4812,0,2,1710
4813,0,3,1806
4814,0,4,1676
4815,1,0,1454
4816,1,1,1964
4817,1,2,1862
4818,1,3,2173
4819,1,4,2203
4820,2,0,2124
4821,2,1,2634
4822,2,2,2532
4823,2,3,2843
4824,2,4,2873
4825,3,0,1651
4826,3,1,1169
4827,3,2,1197
4828,3,3,911
4829,3,4,866
4830,4,0,1377
4831,4,1,1785
4832,4,2,1721
4833,4,3,1733
4834,4,4,1688
4835,0,0,1770
4836,0,1,1900
4837,0,2,1879
4838,0,3,1771
4839,0,4,1694
4840,1,0,2190
4841,1,1,2080
4842,1,2,2059
4843,1,3,1953
4844,1,4,1789
4845,2,0,2860
4846,2,1,2750
4847,2,2,2729
4848,2,3,2623
4849,2,4,2458
4850,3,0,960
4851,3,1,1036
4852,3,2,1121
4853,3,3,1171
4854,3,4,1239
4855,4,0,1781
4856,4,1,1911
4857,4,2,1890
4858,4,3,1783
4859,4,4,1705
4860,0,0,1811
4861,0,1,1813
4862,0,2,1876
4863,0,3,1819
4864,0,4,2067
4865,1,0,916
4866,1,1,1045
4867,1,2,895
4868,1,3,931
4869,1,4,1379
4870,2,0,1585
4871,2,1,1715
4872,2,2,1565
4873,2,3,1601
4874,2,4,2049
4875,3,0,2080
4876,3,1,2061
4877,3,2,2145
4878,3,3,2088
4879,3,4,2078
4880,4,0,1885
4881,4,1,1887
4882,4,2,1948
4883,4,3,1893
4884,4,4,2141
4885,0,0,2287
4886,0,1,2401
4887,0,2,2382
4888,0,3,1837
4889,0,4,1886
4890,1,0,1373
4891,1,1,1501
4892,1,2,1378
4893,1,3,925
4894,1,4,1011
4895,2,0,2043
4896,2,1,2170
4897,2,2,2048
4898,2,3,1595
4899,2,4,1681
4900,3,0,1954
4901,3,1,1991
4902,3,2,1854
4903,3,3,2105
4904,3,4,2126
4905,4,0,2360
4906,4,1,2475
4907,4,2,2455
4908,4,3,1910
4909,4,4,1959
4910,0,0,1362
4911,0,1,1413
4912,0,2,883
4913,0,3,774
4914,0,4,1853
4915,1,0,1320
4916,1,1,1346
4917,1,2,1777
4918,1,3,2398
4919,1,4,2132
4920,2,0,1989
4921,2,1,2016
4922,2,2,2447
4923,2,3,3094
4924,2,4,2802
4925,3,0,1683
4926,3,1,1734
4927,3,2,1482
4928,3,3,1682
4929,3,4,1043
4930,4,0,1436
4931,4,1,1487
4932,4,2,956
4933,4,3,1043
4934,4,4,1864
4935,0,0,1214
4936,0,1,1083
4937,0,2,1080
4938,0,3,1104
4939,0,4,993
4940,1,0,1494
4941,1,1,1484
4942,1,2,1534
4943,1,3,1614
4944,1,4,1699
4945,2,0,2164
4946,2,1,2153
4947,2,2,2204
4948,2,3,2284
4949,2,4,2369
4950,3,0,1605
4951,3,1,1568
4952,3,2,1619
4953,3,3,1703
4954,3,4,1592
4955,4,0,1344
4956,4,1,1157
4957,4,2,1153
4958,4,3,1178
4959,4,4,1067
4960,0,0,928
4961,0,1,2546
4962,0,2,1731
4963,0,3,1755
4964,0,4,1814
4965,1,0,1795
4966,1,1,311
4967,1,2,1172
4968,1,3,1165
4969,1,4,886
4970,2,0,2465
4971,2,1,727
4972,2,2,1842
4973,2,3,1834
4974,2,4,1556
4975,3,0,1527
4976,3,1,2814
4977,3,2,1999
4978,3,3,2009
4979,3,4,2150
4980,4,0,1001
4981,4,1,2612
4982,4,2,1804
4983,4,3,1828
4984,4,4,1875
4985,0,0,1950
4986,0,1,1858
4987,0,2,2062
4988,0,3,2276
4989,0,4,2318
4990,1,0,792
4991,1,1,839
4992,1,2,798
4993,1,3,587
4994,1,4,475
4995,2,0,1462
4996,2,1,1509
4997,2,2,1468
4998,2,3,1317
4999,2,4,1205
5000,3,0,2269
5001,3,1,2172
5002,3,2,2331
5003,3,3,2546
5004,3,4,2587
5005,4,0,2012
5006,4,1,1920
5007,4,2,2135
5008,4,3,2350
5009,4,4,2392
5010,0,0,2297
5011,0,1,2409
5012,0,2,2606
5013,0,3,2730
5014,0,4,2650
5015,1,0,342
5016,1,1,133
5017,1,2,330
5018,1,3,532
5019,1,4,415
5020,2,0,1072
5021,2,1,866
5022,2,2,806
5023,2,3,645
5024,2,4,669
5025,3,0,2669
5026,3,1,2762
5027,3,2,2931
5028,3,3,2999
5029,3,4,2919
5030,4,0,2357
5031,4,1,2468
5032,4,2,2665
5033,4,3,2796
5034,4,4,2716
5035,0,0,2003
5036,1,0,1165
5037,2,0,1835
5038,3,0,2251
5039,4,0,2076
5040,0,0,2737
5041,0,1,2572
5042,0,2,2189
5043,0,3,2106
5044,0,4,1667
5045,1,0,3103
5046,1,1,2938
5047,1,2,2555
5048,1,3,2472
5049,1,4,2033
5050,2,0,3401
5051,2,1,3235
5052,2,2,2853
5053,2,3,2769
5054,2,4,2330
5055,3,0,2576
5056,3,1,2410
5057,3,2,2028
5058,3,3,1944
5059,3,4,1505
5060,4,0,2058
5061,4,1,1982
5062,4,2,2042
5063,4,3,1596
5064,4,4,1426
5065,0,0,1999
5066,0,1,2158
5067,0,2,1854
5068,0,3,2466
5069,0,4,2222
5070,1,0,2366
5071,1,1,2525
5072,1,2,2220
5073,1,3,2832
5074,1,4,2588
5075,2,0,2663
5076,2,1,2822
5077,2,2,2517
5078,2,3,3130
5079,2,4,2886
5080,3,0,1838
5081,3,1,1997
5082,3,2,1692
5083,3,3,2304
5084,3,4,2060
5085,4,0,1819
5086,4,1,1967
5087,4,2,1673
5088,4,3,2219
5089,4,4,1934
5090,0,0,1525
5091,0,1,2051
5092,0,2,1987
5093,0,3,2276
5094,0,4,2146
5095,1,0,1891
5096,1,1,2417
5097,1,2,2353
5098,1,3,2642
5099,1,4,2512
5100,2,0,2189
5101,2,1,2714
5102,2,2,2650
5103,2,3,2855
5104,2,4,2810
5105,3,0,1363
5106,3,1,1889
5107,3,2,1825
5108,3,3,2114
5109,3,4,1984
5110,4,0,1469
5111,4,1,1928
5112,4,2,1864
5113,4,3,2129
5114,4,4,1999
5115,0,0,2287
5116,0,1,2177
5117,0,2,2156
5118,0,3,2048
5119,0,4,1971
5120,1,0,2653
5121,1,1,2543
5122,1,2,2522
5123,1,3,2414
5124,1,4,2337
5125,2,0,2903
5126,2,1,2840
5127,2,2,2819
5128,2,3,2712
5129,2,4,2634
5130,3,0,2125
5131,3,1,2015
5132,3,2,1994
5133,3,3,1887
5134,3,4,1809
5135,4,0,2092
5136,4,1,2054
5137,4,2,2033
5138,4,3,1926
5139,4,4,1848
5140,0,0,2021
5141,0,1,2024
5142,0,2,2086
5143,0,3,2030
5144,0,4,2277
5145,1,0,2387
5146,1,1,2390
5147,1,2,2452
5148,1,3,2396
5149,1,4,2643
5150,2,0,2685
5151,2,1,2687
5152,2,2,2750
5153,2,3,2693
5154,2,4,2941
5155,3,0,1860
5156,3,1,1862
5157,3,2,1925
5158,3,3,1868
5159,3,4,2116
5160,4,0,1555
5161,4,1,1697
5162,4,2,1463
5163,4,3,1582
5164,4,4,2030
5165,0,0,2497
5166,0,1,2611
5167,0,2,2592
5168,0,3,2047
5169,0,4,2096
5170,1,0,2863
5171,1,1,2977
5172,1,2,2958
5173,1,3,2413
5174,1,4,2462
5175,2,0,3161
5176,2,1,3275
5177,2,2,3255
5178,2,3,2711
5179,2,4,2760
5180,3,0,2335
5181,3,1,2449
5182,3,2,2430
5183,3,3,1885
5184,3,4,1934
5185,4,0,2250
5186,4,1,2364
5187,4,2,2345
5188,4,3,1576
5189,4,4,1662
5190,0,0,1573
5191,0,1,1624
5192,0,2,1093
5193,0,3,252
5194,0,4,2229
5195,1,0,1939
5196,1,1,1990
5197,1,2,1459
5198,1,3,678
5199,1,4,2595
5200,2,0,2236
5201,2,1,2287
5202,2,2,1756
5203,2,3,916
5204,2,4,2893
5205,3,0,1411
5206,3,1,1462
5207,3,2,931
5208,3,3,291
5209,3,4,2068
5210,4,0,1284
5211,4,1,1264
5212,4,2,862
5213,4,3,1146
5214,4,4,2107
5215,0,0,1424
5216,0,1,1293
5217,0,2,1290
5218,0,3,1314
5219,0,4,1203
5220,1,0,1790
5221,1,1,1659
5222,1,2,1656
5223,1,3,1680
5224,1,4,1570
5225,2,0,2088
5226,2,1,1957
5227,2,2,1954
5228,2,3,1978
5229,2,4,1867
5230,3,0,1263
5231,3,1,1132
5232,3,2,1128
5233,3,3,1152
5234,3,4,1042
5235,4,0,1301
5236,4,1,1171
5237,4,2,1167
5238,4,3,1260
5239,4,4,1118
5240,0,0,1138
5241,0,1,2756
5242,0,2,1941
5243,0,3,1965
5244,0,4,2024
5245,1,0,1504
5246,1,1,3122
5247,1,2,2307
5248,1,3,2331
5249,1,4,2390
5250,2,0,1802
5251,2,1,3413
5252,2,2,2604
5253,2,3,2629
5254,2,4,2687
5255,3,0,976
5256,3,1,2594
5257,3,2,1779
5258,3,3,1803
5259,3,4,1862
5260,4,0,966
5261,4,1,1796
5262,4,2,1650
5263,4,3,1593
5264,4,4,1390
5265,0,0,2160
5266,0,1,2068
5267,0,2,2272
5268,0,3,2487
5269,0,4,2528
5270,1,0,2527
5271,1,1,2434
5272,1,2,2638
5273,1,3,2853
5274,1,4,2895
5275,2,0,2824
5276,2,1,2732
5277,2,2,2935
5278,2,3,3150
5279,2,4,3192
5280,3,0,1999
5281,3,1,1907
5282,3,2,2110
5283,3,3,2325
5284,3,4,2367
5285,4,0,1527
5286,4,1,1434
5287,4,2,1671
5288,4,3,1780
5289,4,4,1669
5290,0,0,2507
5291,0,1,2619
5292,0,2,2816
5293,0,3,2940
5294,0,4,2860
5295,1,0,2874
5296,1,1,2985
5297,1,2,3182
5298,1,3,3306
5299,1,4,3226
5300,2,0,3158
5301,2,1,3269
5302,2,2,3466
5303,2,3,3597
5304,2,4,3517
5305,3,0,2346
5306,3,1,2457
5307,3,2,2654
5308,3,3,2778
5309,3,4,2699
5310,4,0,1541
5311,4,1,1653
5312,4,2,1850
5313,4,3,1980
5314,4,4,1901
5315,0,0,2213
5316,1,0,2579
5317,2,0,2876
5318,3,0,2051
5319,4,0,1982
